participant.label,survey.1.player.package_UBI,survey.1.player.package_penalty,survey.1.player.package_weight_loss,survey.1.player.first_topic,survey.1.player.second_topic,survey.1.player.third_topic,survey.1.player.message_order_UBI,survey.1.player.message_order_penalty,survey.1.player.message_order_weight_loss,survey.1.player.UBI_statement_formulation,survey.1.player.penalty_statement_formulation,survey.1.player.weight_loss_statement_formulation,survey.1.player.big1,survey.1.player.big2,survey.1.player.big3,survey.1.player.big4,survey.1.player.big5,survey.1.player.big6,survey.1.player.big7,survey.1.player.big8,survey.1.player.big9,survey.1.player.big10,survey.1.player.age,survey.1.player.gender,survey.1.player.ethnicity,survey.1.player.country_of_birth,survey.1.player.country_of_residency,survey.1.player.student_status,survey.1.player.employment_status,survey.1.player.occupation_field,survey.1.player.highest_qualification,survey.1.player.init_belief_UBI,survey.1.player.init_belief_penalty,survey.1.player.init_belief_weight_loss,survey.1.player.familiarity_UBI,survey.1.player.familiarity_penalty,survey.1.player.familiarity_weight_loss
P0004,package1,package1,package2,UBI,penalty,weight_loss,1,3,5,There should be no Universal Basic Income.,Penalty shootouts are a good way to determine the winners of football matches.,Using weight loss drugs like Ozempic is a good way to lose weight.,2,1,-1,1,-1,-1,-1,2,-1,2,53,0,0,GB,GB,3,1,Health and social care,3,2,1,-2,0,2,1
P0130,package1,package1,package3,penalty,weight_loss,UBI,0,5,2,There should be no Universal Basic Income.,Penalty shootouts are a bad way to determine the winners of football matches.,Using weight loss drugs like Ozempic is a bad way to lose weight.,0,2,1,2,-1,2,-2,2,-2,-1,57,1,0,GB,GB,3,0,Education,3,-2,-1,2,0,2,0
P0135,package1,package2,package1,weight_loss,UBI,penalty,3,3,2,Everyone should receive Universal Basic Income.,Penalty shootouts are a good way to determine the winners of football matches.,Using weight loss drugs like Ozempic is a bad way to lose weight.,-2,1,-2,2,-2,2,-2,2,-2,2,53,1,0,GB,GB,3,0,Manufacturing CIO,5,-2,2,1,2,2,2
P0005,package1,package2,package2,penalty,weight_loss,UBI,2,0,1,Everyone should receive Universal Basic Income.,Penalty shootouts are a good way to determine the winners of football matches.,Using weight loss drugs like Ozempic is a bad way to lose weight.,-1,2,-1,1,-2,1,-1,2,-1,1,58,0,0,GB,GB,3,1,lecturer,6,-1,1,1,-2,2,0
P0111,package1,package3,package3,UBI,weight_loss,penalty,1,1,1,There should be no Universal Basic Income.,Penalty shootouts are a bad way to determine the winners of football matches.,Using weight loss drugs like Ozempic is a good way to lose weight.,1,2,-2,-1,-1,-1,0,1,2,0,55,0,0,GB,GB,3,2,sole trader,2,0,-1,-1,-2,2,-1
P0269,package2,package1,package1,UBI,weight_loss,penalty,0,2,1,Everyone should receive Universal Basic Income.,Penalty shootouts are a bad way to determine the winners of football matches.,Using weight loss drugs like Ozempic is a good way to lose weight.,-1,2,-2,2,-2,1,-2,2,-2,1,75,0,0,GB,GB,3,0,IT Project Management,2,-1,2,1,-1,0,-1
P0287,package2,package1,package2,penalty,UBI,weight_loss,5,1,2,Everyone should receive Universal Basic Income.,Penalty shootouts are a bad way to determine the winners of football matches.,Using weight loss drugs like Ozempic is a bad way to lose weight.,-1,2,-1,1,-1,1,-1,2,2,2,32,0,0,GB,GB,1,1,Receptionist,3,0,0,-1,-1,-2,0
P0123,package2,package1,package3,penalty,weight_loss,UBI,5,4,0,Everyone should receive Universal Basic Income.,Penalty shootouts are a good way to determine the winners of football matches.,Using weight loss drugs like Ozempic is a good way to lose weight.,1,-1,1,1,-1,-2,0,2,2,1,26,0,0,GB,GB,3,1,Game developer,4,0,0,-1,-2,-1,-1
P0324,package2,package2,package1,penalty,UBI,weight_loss,2,3,5,There should be no Universal Basic Income.,Penalty shootouts are a bad way to determine the winners of football matches.,Using weight loss drugs like Ozempic is a bad way to lose weight.,2,1,1,-1,-2,-1,-1,1,2,2,31,0,0,GB,GB,3,2,Data Annotator ,3,-1,1,1,-1,1,-1
P0302,package2,package2,package2,weight_loss,penalty,UBI,0,2,2,There should be no Universal Basic Income.,Penalty shootouts are a bad way to determine the winners of football matches.,Using weight loss drugs like Ozempic is a good way to lose weight.,-1,-1,0,1,0,0,0,1,-1,1,49,0,0,GB,GB,1,0,IT,4,-1,0,2,-1,-2,2
P0171,package2,package2,package3,UBI,penalty,weight_loss,3,2,1,Everyone should receive Universal Basic Income.,Penalty shootouts are a good way to determine the winners of football matches.,Using weight loss drugs like Ozempic is a bad way to lose weight.,-1,1,-1,1,-1,1,-2,2,-2,2,61,1,0,GB,GB,3,1,Carpentry ,2,2,1,0,1,2,0
P0369,package2,package3,package1,penalty,weight_loss,UBI,3,3,1,Everyone should receive Universal Basic Income.,Penalty shootouts are a bad way to determine the winners of football matches.,Using weight loss drugs like Ozempic is a bad way to lose weight.,1,-1,1,-2,-2,-2,1,1,2,1,35,0,0,GB,GB,3,3,n/a,5,2,0,1,1,-1,0
P0325,package2,package3,package2,penalty,UBI,weight_loss,1,1,1,Everyone should receive Universal Basic Income.,Penalty shootouts are a good way to determine the winners of football matches.,Using weight loss drugs like Ozempic is a good way to lose weight.,0,1,0,1,0,0,0,1,0,1,56,1,0,GB,GB,3,2,gardener,4,1,2,-2,0,2,0
P0260,package3,package1,package1,weight_loss,UBI,penalty,1,4,2,There should be no Universal Basic Income.,Penalty shootouts are a good way to determine the winners of football matches.,Using weight loss drugs like Ozempic is a bad way to lose weight.,-1,1,-1,-1,-1,1,0,0,0,1,40,0,0,GB,GB,3,0,Adviser,4,-2,0,-1,1,0,1
P0040,package3,package1,package2,weight_loss,UBI,penalty,3,0,1,There should be no Universal Basic Income.,Penalty shootouts are a bad way to determine the winners of football matches.,Using weight loss drugs like Ozempic is a bad way to lose weight.,-1,2,1,-2,-2,1,1,-1,2,2,65,0,0,GB,GB,3,1,NHS,2,-2,-2,1,-1,2,0
P0366,package3,package1,package3,weight_loss,penalty,UBI,4,0,1,Everyone should receive Universal Basic Income.,Penalty shootouts are a good way to determine the winners of football matches.,Using weight loss drugs like Ozempic is a good way to lose weight.,1,1,0,0,-1,0,-1,1,0,1,42,1,0,GB,GB,3,0,HR Manager,4,0,1,1,-2,2,1
P0157,package3,package2,package1,UBI,weight_loss,penalty,4,1,4,There should be no Universal Basic Income.,Penalty shootouts are a bad way to determine the winners of football matches.,Using weight loss drugs like Ozempic is a bad way to lose weight.,1,1,-1,-2,1,-1,1,2,1,1,46,0,0,GB,GB,3,1,Construction,5,-2,0,1,0,2,0
P0236,package3,package2,package2,UBI,weight_loss,penalty,4,5,1,Everyone should receive Universal Basic Income.,Penalty shootouts are a bad way to determine the winners of football matches.,Using weight loss drugs like Ozempic is a good way to lose weight.,1,1,-1,1,1,-1,-1,2,2,2,35,0,0,GB,GB,3,2,Retail,3,2,-1,-1,0,-1,0
P0044,package3,package2,package3,UBI,weight_loss,penalty,5,2,2,There should be no Universal Basic Income.,Penalty shootouts are a good way to determine the winners of football matches.,Using weight loss drugs like Ozempic is a good way to lose weight.,1,0,-2,1,-2,-1,-1,2,0,2,56,1,0,GB,GB,3,0,Healthcare,4,-1,1,-2,0,2,0
P0080,package3,package3,package1,UBI,weight_loss,penalty,0,5,0,There should be no Universal Basic Income.,Penalty shootouts are a good way to determine the winners of football matches.,Using weight loss drugs like Ozempic is a bad way to lose weight.,-1,-1,1,0,-1,0,1,1,1,1,52,0,0,GB,GB,3,0,Retail,3,-2,0,1,1,1,1
P0270,package1,package1,package1,UBI,penalty,weight_loss,3,4,3,There should be no Universal Basic Income.,Penalty shootouts are a good way to determine the winners of football matches.,Using weight loss drugs like Ozempic is a bad way to lose weight.,-2,-1,1,-1,-2,2,1,1,2,2,58,0,0,GB,GB,3,2,graphic design,3,-1,-1,-1,0,2,1
P0338,package1,package1,package3,UBI,weight_loss,penalty,0,0,0,Everyone should receive Universal Basic Income.,Penalty shootouts are a bad way to determine the winners of football matches.,Using weight loss drugs like Ozempic is a good way to lose weight.,-1,1,-2,2,-2,1,-2,1,-2,1,38,1,0,GB,GB,3,0,Operations manager,5,1,-1,1,0,2,0
P0345,package1,package2,package1,UBI,penalty,weight_loss,0,4,4,Everyone should receive Universal Basic Income.,Penalty shootouts are a good way to determine the winners of football matches.,Using weight loss drugs like Ozempic is a bad way to lose weight.,1,2,-2,0,1,-2,-2,2,0,1,31,0,0,RU,GB,3,1,e-commerce,5,1,2,0,2,2,1
P0226,package1,package2,package2,UBI,penalty,weight_loss,2,5,4,Everyone should receive Universal Basic Income.,Penalty shootouts are a bad way to determine the winners of football matches.,Using weight loss drugs like Ozempic is a good way to lose weight.,1,-1,-1,0,-1,-1,1,1,0,1,41,1,0,GB,GB,3,0,Company Director,3,-1,0,1,0,2,-1
P0139,package1,package2,package3,penalty,UBI,weight_loss,3,1,3,There should be no Universal Basic Income.,Penalty shootouts are a bad way to determine the winners of football matches.,Using weight loss drugs like Ozempic is a bad way to lose weight.,-1,2,-1,1,-2,2,-2,1,0,1,39,0,0,GB,GB,3,1,Education,4,2,0,2,0,-1,0
P0075,package1,package3,package1,UBI,penalty,weight_loss,4,4,4,There should be no Universal Basic Income.,Penalty shootouts are a bad way to determine the winners of football matches.,Using weight loss drugs like Ozempic is a good way to lose weight.,1,0,0,-1,0,1,0,0,2,1,51,0,0,GB,GB,3,1,Driver,4,-2,1,1,0,-1,-1
P0344,package1,package3,package3,penalty,UBI,weight_loss,1,1,5,There should be no Universal Basic Income.,Penalty shootouts are a good way to determine the winners of football matches.,Using weight loss drugs like Ozempic is a good way to lose weight.,1,2,1,1,1,1,0,1,0,1,42,1,0,GB,GB,2,1,Phycology,2,2,0,-2,2,-1,2
P0189,package2,package1,package1,penalty,weight_loss,UBI,4,5,1,Everyone should receive Universal Basic Income.,Penalty shootouts are a bad way to determine the winners of football matches.,Using weight loss drugs like Ozempic is a good way to lose weight.,-2,1,-2,2,-1,2,-1,2,-2,2,70,1,0,GB,GB,3,4,Project Manager,4,-2,-2,2,2,2,1
P0258,package2,package1,package2,weight_loss,UBI,penalty,2,5,1,Everyone should receive Universal Basic Income.,Penalty shootouts are a bad way to determine the winners of football matches.,Using weight loss drugs like Ozempic is a bad way to lose weight.,1,2,0,-1,1,0,1,2,1,0,30,1,0,GB,GB,3,2,Proofreader,6,0,1,1,2,2,2
P0003,package2,package1,package3,UBI,weight_loss,penalty,2,1,2,There should be no Universal Basic Income.,Penalty shootouts are a bad way to determine the winners of football matches.,Using weight loss drugs like Ozempic is a bad way to lose weight.,1,2,0,1,-2,1,-2,1,-1,2,33,1,0,GB,GB,3,3,N/A,5,-2,-1,1,1,0,0
P0342,package2,package2,package1,penalty,weight_loss,UBI,5,5,2,Everyone should receive Universal Basic Income.,Penalty shootouts are a good way to determine the winners of football matches.,Using weight loss drugs like Ozempic is a good way to lose weight.,0,1,-1,1,0,0,0,2,2,1,60,0,0,GB,GB,3,1,financial services,4,0,-1,1,-1,1,2
P0186,package2,package2,package2,weight_loss,UBI,penalty,4,5,3,Everyone should receive Universal Basic Income.,Penalty shootouts are a bad way to determine the winners of football matches.,Using weight loss drugs like Ozempic is a bad way to lose weight.,2,1,2,-2,-2,-2,0,0,2,2,28,1,0,GB,GB,3,3,Unemployed,2,0,-2,-1,-1,2,-1
P0081,package2,package2,package3,penalty,weight_loss,UBI,0,3,5,Everyone should receive Universal Basic Income.,Penalty shootouts are a good way to determine the winners of football matches.,Using weight loss drugs like Ozempic is a bad way to lose weight.,0,2,-1,0,-1,1,0,2,1,0,67,0,0,GB,GB,3,4,finance,1,-2,2,1,0,0,0
P0106,package2,package3,package1,weight_loss,UBI,penalty,5,3,2,Everyone should receive Universal Basic Income.,Penalty shootouts are a good way to determine the winners of football matches.,Using weight loss drugs like Ozempic is a good way to lose weight.,-1,2,1,1,-2,1,0,-1,0,2,61,1,0,GB,GB,3,4,education,3,1,2,-2,0,2,0
P0281,package2,package3,package2,UBI,weight_loss,penalty,4,3,3,Everyone should receive Universal Basic Income.,Penalty shootouts are a good way to determine the winners of football matches.,Using weight loss drugs like Ozempic is a bad way to lose weight.,2,-2,-1,1,-2,-2,2,1,-1,2,43,1,0,GB,GB,3,0,Accountancy,3,1,2,2,1,2,0
P0190,package2,package3,package3,penalty,UBI,weight_loss,4,3,0,There should be no Universal Basic Income.,Penalty shootouts are a good way to determine the winners of football matches.,Using weight loss drugs like Ozempic is a good way to lose weight.,0,0,-2,0,-2,0,-2,2,-1,0,60,1,0,GB,GB,3,4,retired,3,-1,-1,-2,2,2,1
P0401,package3,package1,package1,weight_loss,UBI,penalty,5,2,5,There should be no Universal Basic Income.,Penalty shootouts are a good way to determine the winners of football matches.,Using weight loss drugs like Ozempic is a bad way to lose weight.,1,-1,-1,-1,-1,0,0,1,1,2,33,0,0,GB,GB,3,2,Author,4,-2,0,1,1,1,0
P0031,package3,package1,package2,penalty,UBI,weight_loss,5,3,1,Everyone should receive Universal Basic Income.,Penalty shootouts are a bad way to determine the winners of football matches.,Using weight loss drugs like Ozempic is a good way to lose weight.,-1,1,-2,1,1,2,-1,1,-1,2,58,1,0,GB,GB,3,4,Agricultural worker,3,2,1,-1,1,0,0
P0204,package3,package1,package3,UBI,penalty,weight_loss,0,5,5,Everyone should receive Universal Basic Income.,Penalty shootouts are a good way to determine the winners of football matches.,Using weight loss drugs like Ozempic is a bad way to lose weight.,1,1,-2,1,-2,-1,-2,2,0,2,37,0,0,GB,GB,3,0,Office manager ,3,2,2,0,1,0,-1
P0002,package3,package2,package1,penalty,weight_loss,UBI,2,1,1,There should be no Universal Basic Income.,Penalty shootouts are a good way to determine the winners of football matches.,Using weight loss drugs like Ozempic is a bad way to lose weight.,1,-2,1,0,-2,0,1,1,0,0,35,1,0,GB,GB,3,2,Arts,4,0,1,1,1,2,0
P0320,package3,package2,package2,weight_loss,penalty,UBI,2,5,0,Everyone should receive Universal Basic Income.,Penalty shootouts are a good way to determine the winners of football matches.,Using weight loss drugs like Ozempic is a good way to lose weight.,1,0,-2,1,-2,-1,-2,2,-2,2,72,1,0,GB,GB,3,4,Civil service,2,2,2,1,1,2,1
P0170,package3,package2,package3,weight_loss,UBI,penalty,3,1,3,Everyone should receive Universal Basic Income.,Penalty shootouts are a bad way to determine the winners of football matches.,Using weight loss drugs like Ozempic is a bad way to lose weight.,2,2,1,2,-2,-2,-2,2,0,0,64,0,0,GB,GB,3,3,Health Care,4,1,2,-1,-1,0,0
P0023,package3,package3,package1,UBI,penalty,weight_loss,3,4,5,Everyone should receive Universal Basic Income.,Penalty shootouts are a good way to determine the winners of football matches.,Using weight loss drugs like Ozempic is a good way to lose weight.,-1,1,1,-2,-2,2,1,0,1,2,28,0,0,GB,GB,3,1,Makeup Artist,3,0,2,0,0,1,1
P0328,package3,package3,package2,penalty,UBI,weight_loss,1,3,5,There should be no Universal Basic Income.,Penalty shootouts are a good way to determine the winners of football matches.,Using weight loss drugs like Ozempic is a bad way to lose weight.,-1,-1,-1,1,-1,1,1,1,-1,2,21,0,0,GB,GB,3,1,security,2,-1,-1,-1,1,-2,2
P0127,package1,package1,package1,penalty,weight_loss,UBI,2,5,4,Everyone should receive Universal Basic Income.,Penalty shootouts are a good way to determine the winners of football matches.,Using weight loss drugs like Ozempic is a good way to lose weight.,1,2,1,2,-2,-2,-1,2,2,2,28,1,2,GB,GB,3,2,Creative Arts,3,2,-1,1,-1,0,-1
P0427,package1,package1,package2,weight_loss,UBI,penalty,2,1,3,There should be no Universal Basic Income.,Penalty shootouts are a good way to determine the winners of football matches.,Using weight loss drugs like Ozempic is a bad way to lose weight.,-1,2,0,2,-2,1,-1,2,-2,2,78,1,0,GB,GB,3,4,Archivist and historical researcher ,3,0,0,0,-1,1,0
P0090,package1,package1,package3,weight_loss,UBI,penalty,3,0,4,Everyone should receive Universal Basic Income.,Penalty shootouts are a good way to determine the winners of football matches.,Using weight loss drugs like Ozempic is a good way to lose weight.,1,2,2,-1,2,1,2,1,2,-2,21,1,0,GB,GB,1,2,Student ,3,2,1,1,2,2,1
P0136,package1,package2,package1,UBI,penalty,weight_loss,0,2,0,There should be no Universal Basic Income.,Penalty shootouts are a bad way to determine the winners of football matches.,Using weight loss drugs like Ozempic is a bad way to lose weight.,1,-2,-2,1,1,-2,-2,2,-1,-2,62,0,0,GB,GB,3,4,None,4,2,-1,2,0,1,1
P0178,package1,package2,package2,penalty,UBI,weight_loss,5,2,2,Everyone should receive Universal Basic Income.,Penalty shootouts are a good way to determine the winners of football matches.,Using weight loss drugs like Ozempic is a good way to lose weight.,1,2,0,1,-1,1,-2,1,-2,0,52,0,0,GB,GB,3,0,train signaller,3,-1,1,2,0,2,2
P0359,package1,package2,package3,penalty,weight_loss,UBI,1,0,2,Everyone should receive Universal Basic Income.,Penalty shootouts are a bad way to determine the winners of football matches.,Using weight loss drugs like Ozempic is a bad way to lose weight.,1,2,-1,0,1,-2,1,2,0,1,31,0,1,CN,GB,3,0,Finance,5,2,-1,2,0,-1,-1
P0402,package1,package3,package1,penalty,UBI,weight_loss,0,0,5,There should be no Universal Basic Income.,Penalty shootouts are a good way to determine the winners of football matches.,Using weight loss drugs like Ozempic is a bad way to lose weight.,2,2,2,1,-2,-1,-2,-1,1,-2,48,0,0,PL,GB,3,1,care sector,5,-1,1,1,-1,0,2
P0397,package1,package3,package2,penalty,weight_loss,UBI,0,0,1,Everyone should receive Universal Basic Income.,Penalty shootouts are a bad way to determine the winners of football matches.,Using weight loss drugs like Ozempic is a bad way to lose weight.,2,1,-2,0,-2,-1,-2,2,1,2,55,0,0,GB,GB,3,2,Arts,4,2,1,2,1,1,1
P0200,package1,package3,package3,weight_loss,UBI,penalty,4,2,4,Everyone should receive Universal Basic Income.,Penalty shootouts are a bad way to determine the winners of football matches.,Using weight loss drugs like Ozempic is a good way to lose weight.,-1,0,0,1,-2,1,-2,1,-1,2,27,0,0,GB,GB,3,0,Advertising,4,2,0,1,0,-2,-1
P0380,package2,package1,package1,UBI,weight_loss,penalty,0,1,2,Everyone should receive Universal Basic Income.,Penalty shootouts are a good way to determine the winners of football matches.,Using weight loss drugs like Ozempic is a good way to lose weight.,1,0,-1,1,-1,-1,0,1,-1,1,70,0,0,US,GB,3,1,Admin,5,0,0,-1,1,-1,1
P0403,package2,package1,package2,weight_loss,penalty,UBI,3,2,3,Everyone should receive Universal Basic Income.,Penalty shootouts are a bad way to determine the winners of football matches.,Using weight loss drugs like Ozempic is a good way to lose weight.,2,2,-2,2,1,1,-2,2,-2,2,42,1,2,GB,GB,3,0,Retail,4,0,1,-1,1,1,1
P0140,package2,package1,package3,UBI,penalty,weight_loss,3,0,2,There should be no Universal Basic Income.,Penalty shootouts are a bad way to determine the winners of football matches.,Using weight loss drugs like Ozempic is a good way to lose weight.,1,0,1,0,-1,1,-2,-1,1,2,26,1,0,GB,GB,3,0,Information Technology,4,-1,-2,-1,0,2,1
P0152,package2,package2,package1,UBI,penalty,weight_loss,4,5,1,There should be no Universal Basic Income.,Penalty shootouts are a bad way to determine the winners of football matches.,Using weight loss drugs like Ozempic is a good way to lose weight.,1,-1,-2,-1,1,-1,1,1,-1,1,36,0,0,GB,GB,3,0,Local Government,4,-1,-1,1,-2,1,0
P0177,package2,package2,package2,weight_loss,penalty,UBI,4,1,2,Everyone should receive Universal Basic Income.,Penalty shootouts are a good way to determine the winners of football matches.,Using weight loss drugs like Ozempic is a good way to lose weight.,-1,1,-2,2,-2,1,0,2,-1,1,40,0,2,GB,GB,3,0,Tech,4,-2,1,-2,1,1,1
P0376,package2,package2,package3,weight_loss,UBI,penalty,3,5,3,Everyone should receive Universal Basic Income.,Penalty shootouts are a good way to determine the winners of football matches.,Using weight loss drugs like Ozempic is a good way to lose weight.,-1,1,-1,2,-1,1,-2,2,-1,0,76,0,0,GB,GB,3,4,N/a,2,1,1,1,-1,-1,0
P0025,package2,package3,package1,weight_loss,penalty,UBI,0,2,1,There should be no Universal Basic Income.,Penalty shootouts are a good way to determine the winners of football matches.,Using weight loss drugs like Ozempic is a good way to lose weight.,2,2,-2,-1,0,1,-1,2,-1,2,36,0,2,NG,GB,3,0,production operative,4,-2,1,-1,0,2,0
P0010,package2,package3,package2,penalty,UBI,weight_loss,1,1,3,There should be no Universal Basic Income.,Penalty shootouts are a good way to determine the winners of football matches.,Using weight loss drugs like Ozempic is a good way to lose weight.,0,1,-1,1,2,1,1,1,2,1,32,1,0,GB,GB,3,0,Education ,4,-2,1,-2,-1,2,-2
P0415,package2,package3,package3,UBI,penalty,weight_loss,0,1,5,There should be no Universal Basic Income.,Penalty shootouts are a bad way to determine the winners of football matches.,Using weight loss drugs like Ozempic is a bad way to lose weight.,-1,1,-2,1,-1,1,1,2,-1,1,70,0,0,GB,GB,3,1,Educaton,3,-2,2,-1,-2,1,2
P0247,package3,package1,package1,weight_loss,UBI,penalty,2,4,2,Everyone should receive Universal Basic Income.,Penalty shootouts are a bad way to determine the winners of football matches.,Using weight loss drugs like Ozempic is a good way to lose weight.,-1,0,1,2,-1,2,-1,1,-1,-1,55,1,1,GB,GB,3,0,data analyst,4,1,-2,1,-1,2,0
P0195,package3,package1,package2,penalty,weight_loss,UBI,2,2,2,Everyone should receive Universal Basic Income.,Penalty shootouts are a good way to determine the winners of football matches.,Using weight loss drugs like Ozempic is a bad way to lose weight.,-2,-1,0,1,-2,-1,-1,1,-2,0,49,1,0,GB,GB,3,0,IT,4,0,-1,-1,-1,2,-1
P0246,package3,package1,package3,penalty,weight_loss,UBI,3,4,0,Everyone should receive Universal Basic Income.,Penalty shootouts are a bad way to determine the winners of football matches.,Using weight loss drugs like Ozempic is a bad way to lose weight.,-1,1,-2,1,-1,1,1,2,0,1,53,1,0,GB,GB,3,0,finance,4,1,1,-1,-1,2,-1
P0308,package3,package2,package1,UBI,penalty,weight_loss,4,0,0,There should be no Universal Basic Income.,Penalty shootouts are a good way to determine the winners of football matches.,Using weight loss drugs like Ozempic is a bad way to lose weight.,1,0,1,-1,0,1,1,1,2,0,21,1,0,GB,GB,1,3,na,4,1,1,0,0,2,2
P0314,package3,package2,package2,UBI,weight_loss,penalty,5,1,0,There should be no Universal Basic Income.,Penalty shootouts are a good way to determine the winners of football matches.,Using weight loss drugs like Ozempic is a bad way to lose weight.,1,0,-1,2,-1,0,1,2,-2,2,65,1,0,GB,GB,3,0,"Manager, TIC Industry",3,-2,2,0,0,2,0
P0408,package3,package2,package3,UBI,penalty,weight_loss,2,1,5,Everyone should receive Universal Basic Income.,Penalty shootouts are a bad way to determine the winners of football matches.,Using weight loss drugs like Ozempic is a bad way to lose weight.,-1,1,0,1,-1,0,-1,1,1,0,35,1,0,GB,GB,1,0,Chartered Accountant ,5,0,0,-2,1,2,0
P0097,package3,package3,package1,weight_loss,UBI,penalty,0,3,2,Everyone should receive Universal Basic Income.,Penalty shootouts are a good way to determine the winners of football matches.,Using weight loss drugs like Ozempic is a bad way to lose weight.,2,1,-2,-1,-1,-1,-2,2,1,2,76,1,0,GB,GB,3,4,builder,4,0,-1,0,-1,2,2
P0209,package3,package3,package2,UBI,weight_loss,penalty,1,3,0,Everyone should receive Universal Basic Income.,Penalty shootouts are a bad way to determine the winners of football matches.,Using weight loss drugs like Ozempic is a good way to lose weight.,1,1,-1,2,-2,1,-1,2,-2,1,73,1,0,GB,GB,3,4,Engineering,3,2,1,0,2,2,1
P0095,package3,package3,package3,penalty,UBI,weight_loss,0,1,3,There should be no Universal Basic Income.,Penalty shootouts are a bad way to determine the winners of football matches.,Using weight loss drugs like Ozempic is a good way to lose weight.,-1,1,-1,1,-2,2,-1,1,-1,2,56,0,0,GB,GB,3,2,Publishing ,3,-1,0,0,-1,-1,0
P0214,package1,package1,package1,penalty,UBI,weight_loss,4,2,5,There should be no Universal Basic Income.,Penalty shootouts are a bad way to determine the winners of football matches.,Using weight loss drugs like Ozempic is a good way to lose weight.,2,-2,0,0,0,-2,-1,1,-1,0,38,1,0,GB,GB,1,0,it,4,-1,-2,0,0,2,0
P0151,package1,package1,package2,weight_loss,UBI,penalty,0,5,3,There should be no Universal Basic Income.,Penalty shootouts are a bad way to determine the winners of football matches.,Using weight loss drugs like Ozempic is a bad way to lose weight.,1,1,-2,2,-1,1,-2,2,-2,0,70,1,0,GB,GB,3,2,civil engineering consultant in the water industry,4,1,2,1,0,1,0
P0091,package1,package1,package3,penalty,weight_loss,UBI,3,0,3,Everyone should receive Universal Basic Income.,Penalty shootouts are a bad way to determine the winners of football matches.,Using weight loss drugs like Ozempic is a good way to lose weight.,2,1,-2,0,0,-2,-2,2,-1,0,77,1,0,CY,GB,3,4,Engineer,4,2,-1,0,0,2,0
P0056,package1,package2,package1,penalty,weight_loss,UBI,5,3,1,Everyone should receive Universal Basic Income.,Penalty shootouts are a good way to determine the winners of football matches.,Using weight loss drugs like Ozempic is a bad way to lose weight.,2,2,-2,-2,0,-2,1,2,2,0,55,0,0,GB,GB,3,4,housekeeping,2,0,1,1,-2,2,1
P0382,package1,package2,package2,UBI,penalty,weight_loss,0,2,0,There should be no Universal Basic Income.,Penalty shootouts are a bad way to determine the winners of football matches.,Using weight loss drugs like Ozempic is a bad way to lose weight.,-2,1,-1,2,-1,2,-1,1,-2,1,70,0,0,GB,GB,3,1,Education ,4,-1,-1,2,0,2,2
P0348,package1,package2,package3,UBI,penalty,weight_loss,5,1,2,There should be no Universal Basic Income.,Penalty shootouts are a bad way to determine the winners of football matches.,Using weight loss drugs like Ozempic is a bad way to lose weight.,1,-1,0,-1,-2,-2,0,1,2,2,50,0,0,GB,GB,3,2,writer ,3,-1,0,2,-1,-1,-1
P0425,package1,package3,package1,UBI,weight_loss,penalty,0,1,2,Everyone should receive Universal Basic Income.,Penalty shootouts are a bad way to determine the winners of football matches.,Using weight loss drugs like Ozempic is a bad way to lose weight.,1,0,-2,0,2,1,1,1,2,-2,43,0,0,GB,GB,3,0,Operations,2,1,-1,2,-1,1,0
P0276,package1,package3,package2,weight_loss,UBI,penalty,2,1,3,There should be no Universal Basic Income.,Penalty shootouts are a good way to determine the winners of football matches.,Using weight loss drugs like Ozempic is a bad way to lose weight.,-1,2,-2,2,0,2,-2,2,-2,1,40,1,0,PL,GB,3,0,HR management,5,1,0,2,-1,2,-1
P0316,package1,package3,package3,weight_loss,penalty,UBI,3,4,0,Everyone should receive Universal Basic Income.,Penalty shootouts are a good way to determine the winners of football matches.,Using weight loss drugs like Ozempic is a bad way to lose weight.,0,1,-2,1,-2,-1,-1,1,-1,2,56,0,0,GB,GB,3,2,Photography,1,2,-1,-1,2,2,1
P0323,package2,package1,package1,penalty,weight_loss,UBI,0,5,0,There should be no Universal Basic Income.,Penalty shootouts are a good way to determine the winners of football matches.,Using weight loss drugs like Ozempic is a good way to lose weight.,1,0,-1,0,-1,-1,0,1,-1,2,29,1,0,GB,GB,3,2,Healthcare,4,0,-1,-2,0,1,1
P0255,package2,package1,package2,weight_loss,UBI,penalty,1,0,0,There should be no Universal Basic Income.,Penalty shootouts are a bad way to determine the winners of football matches.,Using weight loss drugs like Ozempic is a good way to lose weight.,2,-1,1,-1,2,-1,1,1,1,-1,33,1,0,GB,GB,1,0,healthcare,4,2,-2,-1,0,2,1
P0049,package2,package1,package3,penalty,UBI,weight_loss,1,1,2,Everyone should receive Universal Basic Income.,Penalty shootouts are a bad way to determine the winners of football matches.,Using weight loss drugs like Ozempic is a good way to lose weight.,0,1,0,1,-2,1,0,1,0,1,30,0,0,GB,GB,2,0,finance,4,0,0,1,0,-1,2
P0039,package2,package2,package2,weight_loss,UBI,penalty,0,4,4,There should be no Universal Basic Income.,Penalty shootouts are a bad way to determine the winners of football matches.,Using weight loss drugs like Ozempic is a good way to lose weight.,1,1,-1,-1,2,0,-2,1,1,-2,39,0,0,GB,GB,3,1,Civil Service,4,0,0,2,-1,0,1
P0405,package2,package2,package3,weight_loss,penalty,UBI,5,1,3,Everyone should receive Universal Basic Income.,Penalty shootouts are a bad way to determine the winners of football matches.,Using weight loss drugs like Ozempic is a good way to lose weight.,1,2,-1,-2,-2,1,-1,2,2,2,50,1,0,GB,GB,3,2,Retail,4,2,1,-1,1,0,0
P0392,package2,package3,package1,UBI,weight_loss,penalty,5,1,3,Everyone should receive Universal Basic Income.,Penalty shootouts are a good way to determine the winners of football matches.,Using weight loss drugs like Ozempic is a bad way to lose weight.,2,-2,-1,1,1,-1,1,2,1,-1,71,0,0,GB,GB,3,1,Finance,3,-2,1,-1,-1,2,2
P0280,package2,package3,package2,penalty,weight_loss,UBI,4,5,5,There should be no Universal Basic Income.,Penalty shootouts are a bad way to determine the winners of football matches.,Using weight loss drugs like Ozempic is a bad way to lose weight.,-1,1,-2,1,-1,1,1,1,-1,0,46,1,0,GB,GB,3,0,Sales Manager,4,2,-1,1,1,2,0
P0194,package2,package3,package3,UBI,weight_loss,penalty,2,1,0,Everyone should receive Universal Basic Income.,Penalty shootouts are a bad way to determine the winners of football matches.,Using weight loss drugs like Ozempic is a bad way to lose weight.,-1,-1,1,-2,-2,-1,1,1,2,-1,35,0,0,GB,GB,3,0,Approvals Specialist - NHS HRA,4,2,1,-1,0,2,2
P0196,package3,package1,package1,penalty,weight_loss,UBI,5,1,5,Everyone should receive Universal Basic Income.,Penalty shootouts are a good way to determine the winners of football matches.,Using weight loss drugs like Ozempic is a good way to lose weight.,1,1,-2,2,1,1,-1,2,-1,1,45,1,0,GB,GB,3,0,Operations Manager,3,-2,-1,-1,0,1,1
P0164,package3,package1,package2,weight_loss,penalty,UBI,1,0,4,There should be no Universal Basic Income.,Penalty shootouts are a good way to determine the winners of football matches.,Using weight loss drugs like Ozempic is a good way to lose weight.,2,-1,-2,-1,-1,-2,1,2,2,1,58,0,0,GB,GB,3,0,transport,3,1,-2,2,1,2,2
P0070,package3,package1,package3,penalty,UBI,weight_loss,4,1,5,Everyone should receive Universal Basic Income.,Penalty shootouts are a good way to determine the winners of football matches.,Using weight loss drugs like Ozempic is a good way to lose weight.,-1,1,-1,-2,2,1,1,2,1,1,40,0,0,GB,GB,3,1,Social Work,4,2,1,1,0,1,0
P0079,package3,package2,package1,penalty,weight_loss,UBI,4,0,1,Everyone should receive Universal Basic Income.,Penalty shootouts are a good way to determine the winners of football matches.,Using weight loss drugs like Ozempic is a good way to lose weight.,1,1,-1,-1,-1,-1,1,1,1,0,33,1,0,GB,GB,3,0,Administrator,4,-1,-1,1,-1,0,0
P0059,package3,package2,package2,penalty,weight_loss,UBI,4,3,2,Everyone should receive Universal Basic Income.,Penalty shootouts are a bad way to determine the winners of football matches.,Using weight loss drugs like Ozempic is a bad way to lose weight.,2,2,-2,2,-1,1,0,2,2,2,30,1,0,GB,GB,3,0,Education,4,-2,1,2,-1,2,-1
P0051,package3,package2,package3,penalty,UBI,weight_loss,2,0,0,Everyone should receive Universal Basic Income.,Penalty shootouts are a good way to determine the winners of football matches.,Using weight loss drugs like Ozempic is a bad way to lose weight.,2,-1,-2,-2,2,-2,-1,1,2,1,38,0,0,GB,GB,3,4,none,4,1,2,0,-1,2,0
P0188,package3,package3,package1,penalty,UBI,weight_loss,3,1,1,Everyone should receive Universal Basic Income.,Penalty shootouts are a good way to determine the winners of football matches.,Using weight loss drugs like Ozempic is a bad way to lose weight.,1,0,-2,0,-1,-1,0,1,-1,0,48,0,0,GB,GB,3,0,Scientific,4,2,2,0,1,0,0
P0421,package3,package3,package2,penalty,UBI,weight_loss,1,4,5,There should be no Universal Basic Income.,Penalty shootouts are a bad way to determine the winners of football matches.,Using weight loss drugs like Ozempic is a bad way to lose weight.,0,0,-2,2,0,2,-2,1,-2,-1,38,1,0,GB,GB,3,0,Civil Service,4,-1,-2,-1,0,2,0
P0355,package3,package3,package3,UBI,penalty,weight_loss,3,3,4,There should be no Universal Basic Income.,Penalty shootouts are a bad way to determine the winners of football matches.,Using weight loss drugs like Ozempic is a good way to lose weight.,2,1,-1,1,-1,-1,1,1,1,1,35,1,0,GB,GB,3,0,Financial Services,4,1,-1,-1,-1,2,0
P0167,package1,package1,package1,penalty,UBI,weight_loss,1,3,3,There should be no Universal Basic Income.,Penalty shootouts are a good way to determine the winners of football matches.,Using weight loss drugs like Ozempic is a good way to lose weight.,1,-2,-2,1,-2,-2,2,2,-2,2,49,0,0,GB,GB,3,0,Telecommunications,4,2,-2,-2,2,1,2
P0078,package1,package1,package2,weight_loss,UBI,penalty,2,3,1,Everyone should receive Universal Basic Income.,Penalty shootouts are a bad way to determine the winners of football matches.,Using weight loss drugs like Ozempic is a good way to lose weight.,2,0,0,0,0,-2,0,1,0,0,63,0,0,GB,GB,3,2,Information technology,4,2,0,1,-1,-1,1
P0237,package1,package1,package3,penalty,UBI,weight_loss,0,2,0,Everyone should receive Universal Basic Income.,Penalty shootouts are a good way to determine the winners of football matches.,Using weight loss drugs like Ozempic is a bad way to lose weight.,1,0,1,-1,2,-2,-1,1,2,1,41,1,0,GB,GB,3,0,Mechanical Technician,5,2,1,1,1,2,0
P0105,package1,package2,package1,penalty,weight_loss,UBI,2,5,0,Everyone should receive Universal Basic Income.,Penalty shootouts are a good way to determine the winners of football matches.,Using weight loss drugs like Ozempic is a bad way to lose weight.,1,0,1,1,0,0,-2,1,0,0,56,1,0,GB,GB,3,3,I was previously a mortgage underwriter,4,1,1,2,1,2,0
P0379,package1,package2,package2,penalty,UBI,weight_loss,3,3,3,There should be no Universal Basic Income.,Penalty shootouts are a bad way to determine the winners of football matches.,Using weight loss drugs like Ozempic is a bad way to lose weight.,1,0,1,-1,1,-2,1,2,-1,1,37,1,0,GB,GB,3,0,transport,2,-1,-1,-2,1,2,2
P0125,package1,package2,package3,UBI,penalty,weight_loss,1,4,0,Everyone should receive Universal Basic Income.,Penalty shootouts are a good way to determine the winners of football matches.,Using weight loss drugs like Ozempic is a good way to lose weight.,1,1,-1,-1,0,-1,-1,0,1,1,51,0,0,GB,GB,3,1,delivery,3,1,-1,-1,-2,0,0
P0086,package1,package3,package1,UBI,penalty,weight_loss,3,3,5,Everyone should receive Universal Basic Income.,Penalty shootouts are a good way to determine the winners of football matches.,Using weight loss drugs like Ozempic is a bad way to lose weight.,1,0,-1,0,0,0,1,1,0,1,39,1,0,GB,GB,3,0,Finance,3,1,2,0,0,2,0
P0365,package1,package3,package2,UBI,penalty,weight_loss,2,2,3,Everyone should receive Universal Basic Income.,Penalty shootouts are a bad way to determine the winners of football matches.,Using weight loss drugs like Ozempic is a bad way to lose weight.,-1,-1,-1,1,-2,1,-1,1,-1,2,45,1,0,GB,GB,3,2,artist,5,2,-2,1,0,2,0
P0239,package1,package3,package3,weight_loss,UBI,penalty,0,5,1,There should be no Universal Basic Income.,Penalty shootouts are a bad way to determine the winners of football matches.,Using weight loss drugs like Ozempic is a good way to lose weight.,-2,-1,0,-1,1,1,1,1,0,1,67,0,0,GB,GB,3,4,Education,4,-2,0,-1,1,-1,0
P0222,package2,package1,package1,weight_loss,penalty,UBI,1,3,5,Everyone should receive Universal Basic Income.,Penalty shootouts are a good way to determine the winners of football matches.,Using weight loss drugs like Ozempic is a good way to lose weight.,-1,1,-1,1,-1,1,1,1,1,1,51,0,0,GB,GB,3,1,IT project management,4,1,0,1,1,2,1
P0284,package2,package1,package2,weight_loss,UBI,penalty,0,0,0,Everyone should receive Universal Basic Income.,Penalty shootouts are a bad way to determine the winners of football matches.,Using weight loss drugs like Ozempic is a bad way to lose weight.,1,1,-1,1,0,1,-1,0,1,0,38,1,1,GB,GB,3,0,Analyst ,4,2,2,1,0,1,0
P0072,package2,package2,package1,UBI,penalty,weight_loss,1,5,4,There should be no Universal Basic Income.,Penalty shootouts are a bad way to determine the winners of football matches.,Using weight loss drugs like Ozempic is a bad way to lose weight.,1,-2,-2,-1,-2,-1,1,2,-2,1,30,1,0,GB,GB,3,0,retail sales,3,1,0,2,2,2,2
P0043,package2,package2,package2,penalty,UBI,weight_loss,5,0,5,Everyone should receive Universal Basic Income.,Penalty shootouts are a good way to determine the winners of football matches.,Using weight loss drugs like Ozempic is a bad way to lose weight.,1,1,-1,1,1,0,-1,1,-1,-1,30,1,0,GB,GB,3,0,Accounting,4,-2,1,1,0,2,0
P0150,package2,package2,package3,penalty,UBI,weight_loss,0,1,5,Everyone should receive Universal Basic Income.,Penalty shootouts are a good way to determine the winners of football matches.,Using weight loss drugs like Ozempic is a bad way to lose weight.,1,2,0,2,1,-1,-2,1,1,2,43,0,0,ES,GB,3,2,Digital Analyst,5,0,1,2,0,1,0
P0364,package2,package3,package1,weight_loss,UBI,penalty,3,3,0,Everyone should receive Universal Basic Income.,Penalty shootouts are a good way to determine the winners of football matches.,Using weight loss drugs like Ozempic is a bad way to lose weight.,1,1,-2,0,-1,1,1,2,-1,0,52,0,0,GB,GB,3,0,Retail,3,-2,1,1,2,2,1
P0193,package2,package3,package3,weight_loss,UBI,penalty,1,0,4,Everyone should receive Universal Basic Income.,Penalty shootouts are a bad way to determine the winners of football matches.,Using weight loss drugs like Ozempic is a good way to lose weight.,1,2,-1,2,-2,1,-2,2,-2,2,49,1,0,GB,GB,3,0,Lecturer,6,2,1,-1,1,2,0
P0400,package3,package1,package1,penalty,weight_loss,UBI,5,2,5,Everyone should receive Universal Basic Income.,Penalty shootouts are a good way to determine the winners of football matches.,Using weight loss drugs like Ozempic is a bad way to lose weight.,-1,1,-2,-2,-2,1,1,2,2,1,33,0,0,GB,GB,3,0,education,5,-2,1,-1,-1,2,1
P0426,package3,package1,package2,UBI,penalty,weight_loss,5,3,4,Everyone should receive Universal Basic Income.,Penalty shootouts are a good way to determine the winners of football matches.,Using weight loss drugs like Ozempic is a bad way to lose weight.,1,0,-1,-1,-2,-1,-1,1,2,1,43,0,0,GB,GB,3,2,consultant,4,-1,-1,1,0,2,1
P0026,package3,package2,package1,weight_loss,penalty,UBI,2,5,5,Everyone should receive Universal Basic Income.,Penalty shootouts are a bad way to determine the winners of football matches.,Using weight loss drugs like Ozempic is a good way to lose weight.,1,1,-2,1,-1,1,0,2,-1,1,46,1,0,GB,GB,3,0,Project Manager,4,-2,-1,0,-2,2,-1
P0184,package3,package2,package2,UBI,penalty,weight_loss,1,0,2,There should be no Universal Basic Income.,Penalty shootouts are a good way to determine the winners of football matches.,Using weight loss drugs like Ozempic is a bad way to lose weight.,1,1,-1,-1,-1,1,1,2,1,1,65,0,0,GB,GB,3,4,Social services,4,-1,-1,0,-2,0,-1
P0137,package3,package2,package3,penalty,UBI,weight_loss,5,5,0,Everyone should receive Universal Basic Income.,Penalty shootouts are a bad way to determine the winners of football matches.,Using weight loss drugs like Ozempic is a bad way to lose weight.,1,2,-1,1,0,2,-2,0,-1,0,50,1,0,DE,GB,1,0,manufacturing,4,0,-2,2,0,2,0
P0333,package3,package3,package1,UBI,penalty,weight_loss,4,4,2,Everyone should receive Universal Basic Income.,Penalty shootouts are a bad way to determine the winners of football matches.,Using weight loss drugs like Ozempic is a bad way to lose weight.,-1,-1,-1,1,2,1,-2,1,-1,1,47,0,0,GB,GB,3,0,middle manager,3,2,2,0,1,1,0
P0244,package3,package3,package2,weight_loss,penalty,UBI,2,2,5,Everyone should receive Universal Basic Income.,Penalty shootouts are a good way to determine the winners of football matches.,Using weight loss drugs like Ozempic is a good way to lose weight.,1,1,-1,1,-1,1,-2,1,-1,1,53,0,0,GB,GB,3,0,Civil servant (national government),4,1,0,1,1,-1,0
P0372,package3,package3,package3,weight_loss,UBI,penalty,4,5,4,Everyone should receive Universal Basic Income.,Penalty shootouts are a bad way to determine the winners of football matches.,Using weight loss drugs like Ozempic is a good way to lose weight.,-1,1,-1,-1,1,1,-1,2,1,1,26,0,0,GB,GB,3,0,manager,4,-2,1,-1,1,-1,2
P0309,package1,package1,package1,UBI,weight_loss,penalty,3,1,4,Everyone should receive Universal Basic Income.,Penalty shootouts are a good way to determine the winners of football matches.,Using weight loss drugs like Ozempic is a good way to lose weight.,2,2,-1,-1,2,-2,-1,1,2,-1,41,0,0,GB,GB,3,1,director,3,0,1,-1,-2,0,-1
P0268,package1,package1,package2,weight_loss,penalty,UBI,2,0,5,There should be no Universal Basic Income.,Penalty shootouts are a bad way to determine the winners of football matches.,Using weight loss drugs like Ozempic is a good way to lose weight.,-1,2,-1,0,-1,1,-1,2,1,1,36,0,1,LK,GB,3,1,Medical Doctor,5,2,-1,1,1,0,1
P0121,package1,package2,package1,penalty,weight_loss,UBI,2,5,0,There should be no Universal Basic Income.,Penalty shootouts are a good way to determine the winners of football matches.,Using weight loss drugs like Ozempic is a good way to lose weight.,-1,1,-1,2,1,1,-1,1,-1,1,35,1,0,GB,GB,3,0,Pharmaceutical,3,-1,1,2,-1,2,0
P0396,package1,package2,package2,UBI,weight_loss,penalty,5,5,3,Everyone should receive Universal Basic Income.,Penalty shootouts are a good way to determine the winners of football matches.,Using weight loss drugs like Ozempic is a bad way to lose weight.,1,2,-2,-1,-2,1,1,2,1,1,57,0,0,GB,GB,3,1,Healthcare ,4,1,2,-1,0,1,-1
P0228,package1,package2,package3,penalty,weight_loss,UBI,2,3,3,There should be no Universal Basic Income.,Penalty shootouts are a good way to determine the winners of football matches.,Using weight loss drugs like Ozempic is a good way to lose weight.,0,1,-2,2,-2,2,-2,2,-2,2,56,0,0,GB,GB,3,2,English language tutor ,5,0,-1,-2,-1,1,0
P0395,package1,package3,package1,weight_loss,UBI,penalty,3,4,3,There should be no Universal Basic Income.,Penalty shootouts are a good way to determine the winners of football matches.,Using weight loss drugs like Ozempic is a bad way to lose weight.,0,1,-2,1,0,1,-2,2,-2,0,71,0,0,LT,GB,3,4,retired,4,-1,0,0,-1,-1,-1
P0266,package1,package3,package2,UBI,penalty,weight_loss,5,4,2,Everyone should receive Universal Basic Income.,Penalty shootouts are a good way to determine the winners of football matches.,Using weight loss drugs like Ozempic is a good way to lose weight.,2,-1,1,1,-1,-1,1,1,0,1,41,0,0,GB,GB,3,0,arts,5,1,1,2,-1,-1,0
P0077,package1,package3,package3,weight_loss,UBI,penalty,0,1,3,There should be no Universal Basic Income.,Penalty shootouts are a bad way to determine the winners of football matches.,Using weight loss drugs like Ozempic is a bad way to lose weight.,1,1,1,0,-1,0,-1,1,0,2,64,0,0,GB,GB,3,1,healthcare,4,-1,2,-2,-1,0,2
P0231,package2,package1,package1,weight_loss,penalty,UBI,0,2,2,There should be no Universal Basic Income.,Penalty shootouts are a bad way to determine the winners of football matches.,Using weight loss drugs like Ozempic is a bad way to lose weight.,-1,1,1,2,-1,0,-2,1,-2,2,49,0,0,GB,GB,3,1,health and social care,3,-1,-1,1,1,2,0
P0420,package2,package1,package2,weight_loss,UBI,penalty,1,4,1,There should be no Universal Basic Income.,Penalty shootouts are a bad way to determine the winners of football matches.,Using weight loss drugs like Ozempic is a bad way to lose weight.,1,-1,0,-2,-1,0,1,0,2,2,31,0,0,GB,GB,3,0,Education ,5,-2,1,2,1,2,1
P0050,package2,package1,package3,weight_loss,penalty,UBI,3,2,2,Everyone should receive Universal Basic Income.,Penalty shootouts are a bad way to determine the winners of football matches.,Using weight loss drugs like Ozempic is a bad way to lose weight.,1,2,-1,0,1,-1,0,1,-1,-1,53,1,0,GB,GB,3,4,Management,3,-1,1,1,-1,2,-1
P0014,package2,package2,package2,weight_loss,penalty,UBI,5,2,3,Everyone should receive Universal Basic Income.,Penalty shootouts are a bad way to determine the winners of football matches.,Using weight loss drugs like Ozempic is a good way to lose weight.,1,1,-2,1,0,0,-2,-2,0,0,45,0,1,ID,GB,3,3,Housewife,4,2,1,-2,0,-1,0
P0330,package2,package3,package1,weight_loss,UBI,penalty,4,1,2,Everyone should receive Universal Basic Income.,Penalty shootouts are a good way to determine the winners of football matches.,Using weight loss drugs like Ozempic is a good way to lose weight.,-2,0,-1,2,-2,1,-1,1,-2,2,61,1,0,GB,GB,3,0,medicine,5,-2,1,1,-1,0,0
P0387,package2,package3,package2,weight_loss,UBI,penalty,5,2,0,Everyone should receive Universal Basic Income.,Penalty shootouts are a bad way to determine the winners of football matches.,Using weight loss drugs like Ozempic is a good way to lose weight.,2,2,1,1,0,1,1,1,0,1,20,0,0,GB,GB,3,1,Education ,3,1,1,1,2,2,2
P0351,package2,package3,package3,weight_loss,penalty,UBI,4,0,5,There should be no Universal Basic Income.,Penalty shootouts are a bad way to determine the winners of football matches.,Using weight loss drugs like Ozempic is a bad way to lose weight.,2,0,-1,2,-1,-2,2,1,-2,0,36,1,4,FR,GB,3,3,IT,5,-1,0,1,-1,-2,1
P0165,package3,package1,package1,weight_loss,UBI,penalty,2,1,2,There should be no Universal Basic Income.,Penalty shootouts are a good way to determine the winners of football matches.,Using weight loss drugs like Ozempic is a good way to lose weight.,1,2,-1,2,1,1,-1,2,0,1,30,1,1,GB,GB,3,0,Service Manager in healthcare,5,2,0,-2,1,-1,0
P0263,package3,package1,package2,weight_loss,UBI,penalty,1,1,0,There should be no Universal Basic Income.,Penalty shootouts are a bad way to determine the winners of football matches.,Using weight loss drugs like Ozempic is a bad way to lose weight.,2,2,2,-2,1,-1,2,1,2,2,52,1,0,GB,GB,3,2,Gig work,5,-2,-2,1,0,2,-1
P0168,package3,package1,package3,UBI,penalty,weight_loss,2,0,2,Everyone should receive Universal Basic Income.,Penalty shootouts are a bad way to determine the winners of football matches.,Using weight loss drugs like Ozempic is a good way to lose weight.,-1,1,-2,-1,2,0,-1,2,0,2,42,0,0,UA,GB,3,4,Art,2,1,0,-2,-2,-2,-1
P0065,package3,package2,package1,weight_loss,penalty,UBI,5,2,4,Everyone should receive Universal Basic Income.,Penalty shootouts are a good way to determine the winners of football matches.,Using weight loss drugs like Ozempic is a bad way to lose weight.,-1,1,-2,-1,-2,1,-1,2,1,2,50,0,0,GB,GB,3,0,admin,3,0,0,2,-2,1,1
P0096,package3,package2,package2,weight_loss,penalty,UBI,1,4,1,Everyone should receive Universal Basic Income.,Penalty shootouts are a good way to determine the winners of football matches.,Using weight loss drugs like Ozempic is a good way to lose weight.,2,2,0,0,-1,1,-1,1,1,1,66,1,0,GB,GB,3,2,Information and communication,4,0,-1,-2,-1,-1,-2
P0225,package3,package2,package3,weight_loss,UBI,penalty,4,3,1,Everyone should receive Universal Basic Income.,Penalty shootouts are a bad way to determine the winners of football matches.,Using weight loss drugs like Ozempic is a good way to lose weight.,-1,1,0,-1,-2,0,2,2,0,1,31,1,1,KR,GB,1,4,PhD student (psychology),5,1,-1,-1,0,-2,1
P0103,package3,package3,package1,UBI,penalty,weight_loss,5,0,3,Everyone should receive Universal Basic Income.,Penalty shootouts are a good way to determine the winners of football matches.,Using weight loss drugs like Ozempic is a bad way to lose weight.,-2,2,-2,2,-1,2,-1,2,0,0,68,0,0,GB,GB,3,1,Healthcare Manager,2,2,1,0,1,1,2
P0242,package3,package3,package2,weight_loss,penalty,UBI,2,0,5,There should be no Universal Basic Income.,Penalty shootouts are a bad way to determine the winners of football matches.,Using weight loss drugs like Ozempic is a bad way to lose weight.,1,2,0,-1,-2,-2,-2,1,1,-1,29,0,0,GB,GB,3,1,Education,4,-2,-2,2,0,-2,-1
P0112,package3,package3,package3,penalty,UBI,weight_loss,1,4,0,Everyone should receive Universal Basic Income.,Penalty shootouts are a bad way to determine the winners of football matches.,Using weight loss drugs like Ozempic is a bad way to lose weight.,-1,2,1,-2,0,1,0,0,2,2,70,1,0,GB,GB,3,4,electrician,2,-2,2,1,-1,2,-1
P0119,package1,package1,package1,UBI,penalty,weight_loss,4,2,1,There should be no Universal Basic Income.,Penalty shootouts are a bad way to determine the winners of football matches.,Using weight loss drugs like Ozempic is a bad way to lose weight.,1,1,-2,1,-1,-1,-1,2,-1,1,45,1,0,GB,GB,1,0,company director,3,-2,-2,2,0,2,0
P0013,package1,package1,package2,weight_loss,penalty,UBI,4,1,2,Everyone should receive Universal Basic Income.,Penalty shootouts are a bad way to determine the winners of football matches.,Using weight loss drugs like Ozempic is a good way to lose weight.,1,1,-1,-1,-1,0,-1,1,2,1,36,1,0,GB,GB,3,0,Marketer,4,0,-1,1,0,2,0
P0358,package1,package1,package3,penalty,UBI,weight_loss,5,0,5,Everyone should receive Universal Basic Income.,Penalty shootouts are a bad way to determine the winners of football matches.,Using weight loss drugs like Ozempic is a bad way to lose weight.,2,1,2,-2,-1,0,2,2,2,-1,23,0,0,GB,GB,1,1,Bartender,3,-2,1,2,2,2,2
P0283,package1,package2,package1,UBI,weight_loss,penalty,5,3,1,Everyone should receive Universal Basic Income.,Penalty shootouts are a bad way to determine the winners of football matches.,Using weight loss drugs like Ozempic is a bad way to lose weight.,-1,1,1,1,-2,-1,-1,1,-1,0,49,0,1,HK,GB,3,4,Nursing,4,0,0,2,-1,-1,-2
P0055,package1,package2,package2,penalty,UBI,weight_loss,2,0,2,Everyone should receive Universal Basic Income.,Penalty shootouts are a good way to determine the winners of football matches.,Using weight loss drugs like Ozempic is a bad way to lose weight.,1,1,-1,1,-1,0,1,2,-1,0,64,0,0,GB,GB,3,0,Hospitality,4,0,1,-1,-2,2,1
P0218,package1,package2,package3,penalty,UBI,weight_loss,0,5,2,Everyone should receive Universal Basic Income.,Penalty shootouts are a good way to determine the winners of football matches.,Using weight loss drugs like Ozempic is a good way to lose weight.,2,1,-1,-1,-2,-1,-2,1,2,2,38,1,0,GB,GB,3,0,Stock control manager ,3,2,2,-1,1,2,0
P0410,package1,package3,package1,penalty,weight_loss,UBI,5,5,3,Everyone should receive Universal Basic Income.,Penalty shootouts are a bad way to determine the winners of football matches.,Using weight loss drugs like Ozempic is a good way to lose weight.,1,1,-1,-2,-2,0,-1,2,2,1,32,1,0,IE,GB,3,0,Digital Support,5,1,-1,-1,0,0,0
P0313,package1,package3,package2,penalty,UBI,weight_loss,4,2,3,Everyone should receive Universal Basic Income.,Penalty shootouts are a good way to determine the winners of football matches.,Using weight loss drugs like Ozempic is a bad way to lose weight.,0,1,0,-2,-2,1,1,1,1,1,33,0,0,GB,GB,3,3,hospitality,4,1,1,-1,1,1,2
P0202,package1,package3,package3,weight_loss,UBI,penalty,3,2,3,There should be no Universal Basic Income.,Penalty shootouts are a good way to determine the winners of football matches.,Using weight loss drugs like Ozempic is a bad way to lose weight.,2,-1,-2,2,-2,-2,-2,2,1,2,46,1,0,GB,GB,3,0,Graphic Design,4,-1,2,2,0,2,0
P0285,package2,package1,package1,weight_loss,UBI,penalty,4,5,3,There should be no Universal Basic Income.,Penalty shootouts are a good way to determine the winners of football matches.,Using weight loss drugs like Ozempic is a good way to lose weight.,2,-2,1,-2,-1,-2,1,0,2,0,36,0,0,GB,GB,3,2,Administration,6,-2,0,-1,1,1,1
P0203,package2,package1,package2,weight_loss,penalty,UBI,2,5,0,There should be no Universal Basic Income.,Penalty shootouts are a good way to determine the winners of football matches.,Using weight loss drugs like Ozempic is a good way to lose weight.,2,-2,2,-2,-1,-2,2,-1,2,0,26,0,1,GB,GB,3,3,N/A - unemployed,5,-2,0,-1,2,-1,1
P0235,package2,package1,package3,weight_loss,penalty,UBI,4,5,0,There should be no Universal Basic Income.,Penalty shootouts are a bad way to determine the winners of football matches.,Using weight loss drugs like Ozempic is a good way to lose weight.,1,2,-2,2,-1,1,-1,2,-1,1,53,1,0,GB,GB,3,0,Engineering / Supervisor / Manager,4,1,1,1,1,2,1
P0298,package2,package2,package1,weight_loss,penalty,UBI,4,5,3,There should be no Universal Basic Income.,Penalty shootouts are a bad way to determine the winners of football matches.,Using weight loss drugs like Ozempic is a good way to lose weight.,-2,2,-2,-1,1,2,-1,1,-2,2,48,1,0,GB,GB,3,4,Retired Insurance Underwriter,3,-2,-2,2,2,2,2
P0243,package2,package2,package3,UBI,weight_loss,penalty,1,0,5,Everyone should receive Universal Basic Income.,Penalty shootouts are a bad way to determine the winners of football matches.,Using weight loss drugs like Ozempic is a bad way to lose weight.,1,-1,2,1,1,2,1,-1,2,1,33,1,0,GB,GB,3,0,Project manager,4,2,-1,-1,0,1,-1
P0286,package2,package3,package1,penalty,weight_loss,UBI,2,0,2,There should be no Universal Basic Income.,Penalty shootouts are a bad way to determine the winners of football matches.,Using weight loss drugs like Ozempic is a bad way to lose weight.,2,-2,-1,0,-1,-1,2,1,1,1,26,1,0,GB,GB,3,0,Customer Service Administrator,4,-1,1,-1,2,2,2
P0306,package2,package3,package2,penalty,weight_loss,UBI,0,5,3,Everyone should receive Universal Basic Income.,Penalty shootouts are a bad way to determine the winners of football matches.,Using weight loss drugs like Ozempic is a bad way to lose weight.,1,1,-1,-1,2,0,1,1,0,1,46,1,2,GB,GB,2,0,engineering,4,2,-1,2,0,1,1
P0087,package2,package3,package3,weight_loss,penalty,UBI,4,2,4,There should be no Universal Basic Income.,Penalty shootouts are a bad way to determine the winners of football matches.,Using weight loss drugs like Ozempic is a good way to lose weight.,1,2,-2,0,-2,-2,0,2,2,2,35,0,0,GB,GB,3,2,retail,2,-2,0,-1,-2,-1,0
P0205,package3,package1,package1,weight_loss,UBI,penalty,5,3,1,Everyone should receive Universal Basic Income.,Penalty shootouts are a good way to determine the winners of football matches.,Using weight loss drugs like Ozempic is a bad way to lose weight.,2,-1,-2,-1,0,-2,1,2,1,1,41,1,0,GB,GB,3,0,Sales Manager,3,1,2,2,-1,2,0
P0282,package3,package1,package2,weight_loss,penalty,UBI,4,3,5,There should be no Universal Basic Income.,Penalty shootouts are a good way to determine the winners of football matches.,Using weight loss drugs like Ozempic is a good way to lose weight.,-1,1,-2,2,0,1,-2,2,-2,0,58,1,0,GB,GB,3,0,IT,4,2,2,-1,1,2,0
P0201,package3,package1,package3,penalty,UBI,weight_loss,0,5,4,There should be no Universal Basic Income.,Penalty shootouts are a good way to determine the winners of football matches.,Using weight loss drugs like Ozempic is a good way to lose weight.,1,-2,-2,2,-1,1,1,2,-2,1,51,0,0,IE,GB,3,0,Finance,4,-2,2,1,1,2,2
P0318,package3,package2,package1,weight_loss,penalty,UBI,4,3,5,There should be no Universal Basic Income.,Penalty shootouts are a good way to determine the winners of football matches.,Using weight loss drugs like Ozempic is a bad way to lose weight.,-2,2,-2,2,1,1,-2,2,-2,0,60,0,0,GB,GB,3,4,unpaid carer,2,1,0,1,0,-1,1
P0067,package3,package2,package2,weight_loss,penalty,UBI,0,3,4,Everyone should receive Universal Basic Income.,Penalty shootouts are a bad way to determine the winners of football matches.,Using weight loss drugs like Ozempic is a good way to lose weight.,1,-2,-2,0,-2,-1,1,2,-1,2,36,1,0,GB,GB,3,0,Employment Law (Civil Service),3,2,-2,-1,2,2,0
P0217,package3,package2,package3,penalty,weight_loss,UBI,3,1,1,Everyone should receive Universal Basic Income.,Penalty shootouts are a bad way to determine the winners of football matches.,Using weight loss drugs like Ozempic is a good way to lose weight.,1,1,1,-1,-1,-1,-1,2,1,2,26,0,0,GB,GB,3,0,Apprenticeship Team Administrator,4,-1,2,-1,1,2,2
P0241,package3,package3,package1,penalty,UBI,weight_loss,0,3,1,There should be no Universal Basic Income.,Penalty shootouts are a good way to determine the winners of football matches.,Using weight loss drugs like Ozempic is a bad way to lose weight.,0,1,-2,1,1,2,1,1,0,2,57,1,0,GB,GB,3,4,technology,3,-2,2,0,2,0,0
P0347,package3,package3,package2,penalty,weight_loss,UBI,0,0,5,Everyone should receive Universal Basic Income.,Penalty shootouts are a good way to determine the winners of football matches.,Using weight loss drugs like Ozempic is a good way to lose weight.,0,0,-2,0,0,-1,-2,2,-1,0,34,0,4,MY,GB,3,0,Economics ,5,-2,-2,0,2,1,-1
P0197,package3,package3,package3,UBI,weight_loss,penalty,5,1,0,There should be no Universal Basic Income.,Penalty shootouts are a good way to determine the winners of football matches.,Using weight loss drugs like Ozempic is a good way to lose weight.,-1,-1,1,2,-1,0,1,2,-1,1,29,0,0,GB,GB,1,0,Hospitality,4,2,-1,1,1,1,0
P0273,package1,package1,package1,UBI,penalty,weight_loss,4,2,5,Everyone should receive Universal Basic Income.,Penalty shootouts are a good way to determine the winners of football matches.,Using weight loss drugs like Ozempic is a bad way to lose weight.,2,1,-1,0,1,0,0,2,1,-1,60,1,0,GB,GB,3,4,"Retired Inspector of Taxes - now doing studies, interviews and surveys part time",4,1,2,2,0,2,-1
P0001,package1,package1,package2,penalty,UBI,weight_loss,5,2,4,Everyone should receive Universal Basic Income.,Penalty shootouts are a bad way to determine the winners of football matches.,Using weight loss drugs like Ozempic is a good way to lose weight.,2,0,1,1,-2,0,2,1,2,2,25,1,0,GB,GB,2,2,Sales,4,0,2,1,1,2,2
P0416,package1,package1,package3,penalty,UBI,weight_loss,4,3,5,Everyone should receive Universal Basic Income.,Penalty shootouts are a good way to determine the winners of football matches.,Using weight loss drugs like Ozempic is a bad way to lose weight.,1,0,0,1,1,-1,-1,1,-1,0,40,0,1,GB,GB,3,2,Small business,4,1,1,2,0,0,-1
P0334,package1,package2,package1,UBI,weight_loss,penalty,2,4,2,There should be no Universal Basic Income.,Penalty shootouts are a good way to determine the winners of football matches.,Using weight loss drugs like Ozempic is a good way to lose weight.,2,1,-2,2,-1,-1,-2,1,-1,0,28,1,0,GB,GB,3,0,software developer,5,-2,2,2,1,2,1
P0311,package1,package2,package2,penalty,weight_loss,UBI,0,0,4,Everyone should receive Universal Basic Income.,Penalty shootouts are a bad way to determine the winners of football matches.,Using weight loss drugs like Ozempic is a bad way to lose weight.,2,1,1,1,-1,-1,-2,1,-1,2,57,1,0,GB,GB,3,2,IT,6,1,1,2,1,2,0
P0146,package1,package2,package3,weight_loss,penalty,UBI,4,1,4,Everyone should receive Universal Basic Income.,Penalty shootouts are a good way to determine the winners of football matches.,Using weight loss drugs like Ozempic is a bad way to lose weight.,2,1,-1,2,0,-1,-2,2,-1,2,32,1,0,GB,GB,3,2,Entertainment,4,-1,0,1,0,2,0
P0337,package1,package3,package1,weight_loss,penalty,UBI,3,4,3,Everyone should receive Universal Basic Income.,Penalty shootouts are a good way to determine the winners of football matches.,Using weight loss drugs like Ozempic is a bad way to lose weight.,0,2,-1,1,0,1,-1,1,0,2,26,1,0,PL,GB,3,2,finance ,3,1,-2,2,1,2,1
P0346,package1,package3,package2,UBI,weight_loss,penalty,3,2,1,Everyone should receive Universal Basic Income.,Penalty shootouts are a bad way to determine the winners of football matches.,Using weight loss drugs like Ozempic is a bad way to lose weight.,1,1,0,1,-1,1,-1,1,0,0,33,0,0,GB,GB,3,0,Admin,5,1,0,1,-1,-1,-1
P0230,package1,package3,package3,penalty,weight_loss,UBI,3,0,5,Everyone should receive Universal Basic Income.,Penalty shootouts are a good way to determine the winners of football matches.,Using weight loss drugs like Ozempic is a bad way to lose weight.,1,-1,-2,-1,0,-1,1,2,1,1,47,0,0,GB,GB,3,2,Education,4,-2,1,2,-2,2,1
P0216,package2,package1,package1,UBI,penalty,weight_loss,5,1,2,Everyone should receive Universal Basic Income.,Penalty shootouts are a good way to determine the winners of football matches.,Using weight loss drugs like Ozempic is a bad way to lose weight.,2,1,1,0,-1,-2,-1,1,0,1,59,0,0,GB,GB,3,1,Accounts Administrator,4,1,-1,-1,1,1,1
P0293,package2,package1,package2,weight_loss,penalty,UBI,2,4,2,There should be no Universal Basic Income.,Penalty shootouts are a good way to determine the winners of football matches.,Using weight loss drugs like Ozempic is a good way to lose weight.,1,2,-2,1,-2,1,-2,2,-1,1,59,0,0,SG,GB,3,0,law,5,-2,1,-1,1,1,0
P0353,package2,package1,package3,weight_loss,penalty,UBI,2,2,0,There should be no Universal Basic Income.,Penalty shootouts are a good way to determine the winners of football matches.,Using weight loss drugs like Ozempic is a good way to lose weight.,2,2,-2,2,2,-1,-2,2,-2,-1,61,0,0,GB,GB,3,4,Retired healthcare worker,4,1,-1,2,0,1,1
P0048,package2,package2,package2,UBI,weight_loss,penalty,4,0,5,Everyone should receive Universal Basic Income.,Penalty shootouts are a good way to determine the winners of football matches.,Using weight loss drugs like Ozempic is a good way to lose weight.,1,-1,1,-2,-2,-2,1,1,2,2,28,2,0,CA,GB,2,3,Student,5,2,0,-2,2,0,2
P0143,package2,package2,package3,UBI,weight_loss,penalty,1,5,0,There should be no Universal Basic Income.,Penalty shootouts are a bad way to determine the winners of football matches.,Using weight loss drugs like Ozempic is a good way to lose weight.,0,1,-1,1,-1,1,-1,1,1,1,69,0,0,GB,GB,3,4,Education,4,-1,-1,1,-2,0,1
P0098,package2,package3,package1,UBI,penalty,weight_loss,3,0,4,There should be no Universal Basic Income.,Penalty shootouts are a good way to determine the winners of football matches.,Using weight loss drugs like Ozempic is a good way to lose weight.,2,-2,1,-1,2,-1,1,2,1,-2,56,0,0,GB,GB,3,3,unemployed,1,2,0,-2,1,-2,2
P0367,package2,package3,package2,weight_loss,UBI,penalty,3,0,2,There should be no Universal Basic Income.,Penalty shootouts are a bad way to determine the winners of football matches.,Using weight loss drugs like Ozempic is a bad way to lose weight.,0,-1,-1,1,0,0,-1,1,0,0,58,1,0,GB,GB,3,0,Engineering,4,1,1,1,0,1,0
P0409,package2,package3,package3,weight_loss,UBI,penalty,2,3,2,There should be no Universal Basic Income.,Penalty shootouts are a good way to determine the winners of football matches.,Using weight loss drugs like Ozempic is a bad way to lose weight.,2,-1,-1,-2,1,-2,-1,1,2,-2,23,0,0,GB,GB,3,3,N/A,4,0,1,-1,-1,2,1
P0360,package3,package1,package1,weight_loss,UBI,penalty,1,4,5,Everyone should receive Universal Basic Income.,Penalty shootouts are a bad way to determine the winners of football matches.,Using weight loss drugs like Ozempic is a bad way to lose weight.,1,-1,-2,-1,-2,1,1,2,2,-1,20,0,0,PL,GB,1,1,hospitality,3,1,0,-1,0,-2,-1
P0089,package3,package1,package2,penalty,UBI,weight_loss,1,1,2,There should be no Universal Basic Income.,Penalty shootouts are a good way to determine the winners of football matches.,Using weight loss drugs like Ozempic is a good way to lose weight.,1,-2,1,1,-1,1,-2,0,-2,2,61,0,0,GB,GB,3,4,Retired,3,1,-2,-2,0,0,-1
P0423,package3,package1,package3,UBI,weight_loss,penalty,0,2,5,Everyone should receive Universal Basic Income.,Penalty shootouts are a bad way to determine the winners of football matches.,Using weight loss drugs like Ozempic is a bad way to lose weight.,0,-1,-2,-1,0,0,0,2,1,0,61,0,0,GB,GB,3,4,"trained in science, then switched to personal taxation, now a homemaker who completes internet studies",6,1,1,1,0,1,1
P0029,package3,package2,package1,UBI,penalty,weight_loss,3,4,5,Everyone should receive Universal Basic Income.,Penalty shootouts are a good way to determine the winners of football matches.,Using weight loss drugs like Ozempic is a good way to lose weight.,-1,-1,1,1,-1,0,2,2,0,2,28,1,0,GB,GB,3,1,Florists Assistant,3,0,2,-2,0,1,0
P0082,package3,package2,package2,penalty,UBI,weight_loss,0,3,1,Everyone should receive Universal Basic Income.,Penalty shootouts are a good way to determine the winners of football matches.,Using weight loss drugs like Ozempic is a bad way to lose weight.,-1,2,-2,-1,1,1,1,1,1,1,58,0,0,GB,GB,3,1,Nuclear ,3,-1,-1,1,-2,0,0
P0057,package3,package2,package3,penalty,weight_loss,UBI,5,0,3,There should be no Universal Basic Income.,Penalty shootouts are a bad way to determine the winners of football matches.,Using weight loss drugs like Ozempic is a bad way to lose weight.,1,2,-2,1,-2,1,-2,2,-2,2,55,1,0,GB,GB,3,0,IT,4,-2,1,0,1,2,0
P0109,package3,package3,package1,penalty,weight_loss,UBI,2,2,1,Everyone should receive Universal Basic Income.,Penalty shootouts are a bad way to determine the winners of football matches.,Using weight loss drugs like Ozempic is a bad way to lose weight.,1,0,1,-1,1,0,1,1,0,0,61,1,0,GB,GB,3,2,varied,3,1,0,0,-1,1,1
P0389,package3,package3,package2,UBI,penalty,weight_loss,4,5,2,There should be no Universal Basic Income.,Penalty shootouts are a good way to determine the winners of football matches.,Using weight loss drugs like Ozempic is a bad way to lose weight.,-1,2,-2,1,-1,2,-1,2,1,2,59,0,0,GB,GB,3,0,non-profit,5,-2,0,0,0,-1,-1
P0175,package3,package3,package3,UBI,penalty,weight_loss,1,2,1,Everyone should receive Universal Basic Income.,Penalty shootouts are a good way to determine the winners of football matches.,Using weight loss drugs like Ozempic is a good way to lose weight.,-1,2,-1,1,-2,1,-2,1,1,2,72,0,0,GB,GB,3,4,Retired,4,-1,1,0,-1,1,0
P0115,package1,package1,package1,weight_loss,UBI,penalty,4,3,3,Everyone should receive Universal Basic Income.,Penalty shootouts are a bad way to determine the winners of football matches.,Using weight loss drugs like Ozempic is a bad way to lose weight.,1,2,1,-1,-1,-1,-1,1,1,1,59,0,0,GB,GB,3,1,retail assistant ,2,1,2,-1,1,0,0
P0295,package1,package1,package2,weight_loss,UBI,penalty,2,0,1,Everyone should receive Universal Basic Income.,Penalty shootouts are a bad way to determine the winners of football matches.,Using weight loss drugs like Ozempic is a good way to lose weight.,1,2,-2,2,-1,-1,-1,2,-2,2,56,1,0,BE,GB,3,0,Accountancy,5,-2,-1,1,-1,1,-1
P0185,package1,package1,package3,UBI,penalty,weight_loss,1,0,3,There should be no Universal Basic Income.,Penalty shootouts are a bad way to determine the winners of football matches.,Using weight loss drugs like Ozempic is a good way to lose weight.,0,0,1,1,1,0,-1,1,-1,2,49,1,0,GB,GB,3,2,Education,5,-2,2,-2,1,2,0
P0289,package1,package2,package1,penalty,UBI,weight_loss,3,5,3,There should be no Universal Basic Income.,Penalty shootouts are a bad way to determine the winners of football matches.,Using weight loss drugs like Ozempic is a good way to lose weight.,1,1,0,1,-2,-1,-2,2,-1,2,58,0,0,GB,GB,3,0,Government,4,-1,-1,-1,0,2,0
P0227,package1,package2,package2,weight_loss,penalty,UBI,3,2,5,Everyone should receive Universal Basic Income.,Penalty shootouts are a bad way to determine the winners of football matches.,Using weight loss drugs like Ozempic is a good way to lose weight.,1,2,1,2,1,-1,-1,2,-2,1,69,1,0,GB,GB,3,4,GP,5,-2,-2,1,-1,2,1
P0073,package1,package2,package3,weight_loss,UBI,penalty,1,4,2,Everyone should receive Universal Basic Income.,Penalty shootouts are a good way to determine the winners of football matches.,Using weight loss drugs like Ozempic is a bad way to lose weight.,2,-1,-2,-1,1,-2,-1,2,2,1,46,0,0,NL,GB,3,2,transport & logistics,3,2,2,1,-2,2,2
P0354,package1,package3,package1,UBI,weight_loss,penalty,5,0,5,There should be no Universal Basic Income.,Penalty shootouts are a good way to determine the winners of football matches.,Using weight loss drugs like Ozempic is a good way to lose weight.,0,2,-2,1,-2,0,-2,2,-2,0,60,1,0,GB,GB,3,0,procurement,4,0,-1,0,-2,1,-1
P0156,package1,package3,package2,weight_loss,UBI,penalty,3,1,5,There should be no Universal Basic Income.,Penalty shootouts are a bad way to determine the winners of football matches.,Using weight loss drugs like Ozempic is a good way to lose weight.,-1,-1,-1,-1,0,1,-1,0,0,0,31,0,0,PL,GB,3,0,SUPPLY CHAIN EX,4,0,-1,0,-1,1,0
P0132,package1,package3,package3,weight_loss,UBI,penalty,3,4,4,There should be no Universal Basic Income.,Penalty shootouts are a bad way to determine the winners of football matches.,Using weight loss drugs like Ozempic is a good way to lose weight.,-1,1,-2,1,0,1,-1,2,-1,0,32,0,1,GB,GB,3,0,Data Analyst - Finance Industry.,4,-1,-2,-1,0,1,-1
P0169,package2,package1,package1,weight_loss,penalty,UBI,0,5,0,Everyone should receive Universal Basic Income.,Penalty shootouts are a bad way to determine the winners of football matches.,Using weight loss drugs like Ozempic is a bad way to lose weight.,0,1,-1,1,0,1,-1,1,1,2,39,0,0,GB,GB,3,1,Human Resources,4,0,-1,1,-2,0,0
P0068,package2,package1,package2,UBI,weight_loss,penalty,5,5,5,There should be no Universal Basic Income.,Penalty shootouts are a good way to determine the winners of football matches.,Using weight loss drugs like Ozempic is a bad way to lose weight.,1,2,1,2,1,2,1,1,1,1,32,1,0,GB,GB,3,0,Technical Manager,5,2,-1,1,1,2,2
P0144,package2,package1,package3,weight_loss,UBI,penalty,0,0,3,Everyone should receive Universal Basic Income.,Penalty shootouts are a good way to determine the winners of football matches.,Using weight loss drugs like Ozempic is a bad way to lose weight.,1,0,1,1,-2,-2,1,0,1,1,27,1,0,GB,GB,3,0,Wholesale Trade,3,2,2,1,0,2,1
P0234,package2,package2,package1,penalty,UBI,weight_loss,4,5,2,There should be no Universal Basic Income.,Penalty shootouts are a bad way to determine the winners of football matches.,Using weight loss drugs like Ozempic is a bad way to lose weight.,1,-1,-1,1,-2,0,0,2,1,2,55,0,5,LY,GB,3,3,Languages,4,-2,1,0,-1,-1,-1
P0256,package2,package2,package2,UBI,penalty,weight_loss,2,2,1,Everyone should receive Universal Basic Income.,Penalty shootouts are a good way to determine the winners of football matches.,Using weight loss drugs like Ozempic is a bad way to lose weight.,2,0,1,1,-2,-2,-1,0,1,2,36,1,0,GB,GB,2,2,Algorithm Market Trader,5,2,0,0,0,2,-1
P0391,package2,package2,package3,weight_loss,penalty,UBI,3,2,4,There should be no Universal Basic Income.,Penalty shootouts are a good way to determine the winners of football matches.,Using weight loss drugs like Ozempic is a good way to lose weight.,-1,-2,-1,-2,-2,0,2,1,-2,2,41,0,0,DE,GB,3,0,medicine,6,0,1,-1,1,1,1
P0332,package2,package3,package1,UBI,weight_loss,penalty,5,1,0,There should be no Universal Basic Income.,Penalty shootouts are a good way to determine the winners of football matches.,Using weight loss drugs like Ozempic is a good way to lose weight.,-2,-2,1,-1,-2,1,2,1,-1,-1,48,1,0,GB,GB,3,0,Content Design,4,0,0,2,-1,2,-1
P0215,package2,package3,package2,UBI,weight_loss,penalty,4,2,4,Everyone should receive Universal Basic Income.,Penalty shootouts are a good way to determine the winners of football matches.,Using weight loss drugs like Ozempic is a good way to lose weight.,1,2,-1,0,0,-1,-1,1,-1,1,53,1,0,GB,GB,3,0,Education ,4,2,-1,0,1,2,0
P0245,package2,package3,package3,penalty,UBI,weight_loss,3,4,2,There should be no Universal Basic Income.,Penalty shootouts are a bad way to determine the winners of football matches.,Using weight loss drugs like Ozempic is a good way to lose weight.,0,1,0,-2,1,-1,1,1,2,0,52,1,0,GB,GB,3,4,vehicle repair,2,0,1,-2,-1,2,2
P0117,package3,package1,package1,penalty,weight_loss,UBI,3,1,2,There should be no Universal Basic Income.,Penalty shootouts are a good way to determine the winners of football matches.,Using weight loss drugs like Ozempic is a good way to lose weight.,2,1,-1,1,-2,-1,1,1,-1,2,45,1,1,GB,GB,3,0,IT,5,-2,2,-1,1,2,1
P0110,package3,package1,package2,weight_loss,UBI,penalty,0,1,2,There should be no Universal Basic Income.,Penalty shootouts are a bad way to determine the winners of football matches.,Using weight loss drugs like Ozempic is a bad way to lose weight.,2,0,1,1,-1,-1,0,1,0,-1,61,1,0,GB,GB,3,4,IT,4,-1,-1,2,-1,1,-1
P0179,package3,package1,package3,UBI,penalty,weight_loss,3,5,5,Everyone should receive Universal Basic Income.,Penalty shootouts are a good way to determine the winners of football matches.,Using weight loss drugs like Ozempic is a good way to lose weight.,-1,1,-1,0,-1,1,-1,1,-1,1,40,0,0,GB,GB,3,0,Mortgage advisor,4,1,-1,0,0,-1,2
P0028,package3,package2,package1,weight_loss,UBI,penalty,1,2,2,There should be no Universal Basic Income.,Penalty shootouts are a good way to determine the winners of football matches.,Using weight loss drugs like Ozempic is a good way to lose weight.,1,0,0,-1,1,1,1,1,-1,1,37,0,0,GB,GB,3,0,Communications,2,-2,-1,1,0,0,0
P0422,package3,package2,package2,weight_loss,UBI,penalty,3,0,3,Everyone should receive Universal Basic Income.,Penalty shootouts are a good way to determine the winners of football matches.,Using weight loss drugs like Ozempic is a good way to lose weight.,0,1,1,1,0,0,-1,1,1,1,36,0,0,GB,GB,3,1,Non Profit,4,2,0,2,0,-1,2
P0412,package3,package2,package3,UBI,weight_loss,penalty,1,3,1,Everyone should receive Universal Basic Income.,Penalty shootouts are a bad way to determine the winners of football matches.,Using weight loss drugs like Ozempic is a bad way to lose weight.,1,1,-2,2,-2,1,-1,2,-2,2,69,1,0,GB,GB,3,4,Manufacturing,5,-2,1,2,-1,2,0
P0147,package3,package3,package1,weight_loss,UBI,penalty,0,3,5,Everyone should receive Universal Basic Income.,Penalty shootouts are a good way to determine the winners of football matches.,Using weight loss drugs like Ozempic is a good way to lose weight.,1,2,0,-1,2,1,1,2,0,0,57,1,0,GB,GB,3,0,Project Manager,3,1,-1,1,2,2,2
P0100,package3,package3,package2,weight_loss,penalty,UBI,5,0,0,Everyone should receive Universal Basic Income.,Penalty shootouts are a good way to determine the winners of football matches.,Using weight loss drugs like Ozempic is a good way to lose weight.,1,1,1,-1,-1,-1,-1,1,2,1,23,0,0,GB,GB,3,3,N/A,4,-1,1,-2,0,-1,1
P0172,package3,package3,package3,penalty,weight_loss,UBI,5,2,2,Everyone should receive Universal Basic Income.,Penalty shootouts are a bad way to determine the winners of football matches.,Using weight loss drugs like Ozempic is a bad way to lose weight.,2,1,-2,-1,-2,-2,0,1,1,1,60,0,0,GB,GB,3,4,Customer Services,4,0,-1,0,0,0,0
P0352,package1,package1,package1,weight_loss,UBI,penalty,3,4,5,Everyone should receive Universal Basic Income.,Penalty shootouts are a bad way to determine the winners of football matches.,Using weight loss drugs like Ozempic is a bad way to lose weight.,-1,1,-1,0,1,2,1,2,-2,1,64,1,0,GB,GB,3,4,Retired,2,-1,-1,1,-1,1,0
P0113,package1,package1,package2,UBI,penalty,weight_loss,3,3,5,Everyone should receive Universal Basic Income.,Penalty shootouts are a good way to determine the winners of football matches.,Using weight loss drugs like Ozempic is a bad way to lose weight.,0,-1,1,-2,-2,-2,0,2,2,1,51,0,0,RU,GB,3,0,architecture,5,1,1,2,0,-1,2
P0124,package1,package1,package3,penalty,weight_loss,UBI,2,3,2,Everyone should receive Universal Basic Income.,Penalty shootouts are a good way to determine the winners of football matches.,Using weight loss drugs like Ozempic is a bad way to lose weight.,2,0,-2,2,-1,0,-1,2,-2,2,48,1,0,GB,GB,3,0,Video games,4,-2,2,-1,1,1,2
P0329,package1,package2,package1,UBI,weight_loss,penalty,4,5,2,Everyone should receive Universal Basic Income.,Penalty shootouts are a bad way to determine the winners of football matches.,Using weight loss drugs like Ozempic is a good way to lose weight.,2,0,-1,1,-2,-2,-1,1,-2,2,55,1,6,NZ,GB,3,0,Operations Manager,4,-1,-1,-2,0,2,1
P0378,package1,package2,package2,weight_loss,penalty,UBI,1,2,4,There should be no Universal Basic Income.,Penalty shootouts are a bad way to determine the winners of football matches.,Using weight loss drugs like Ozempic is a good way to lose weight.,1,-1,1,-1,2,-2,0,1,2,0,48,0,0,GB,GB,3,3,Admin,3,0,0,2,-1,-1,-1
P0149,package1,package2,package3,weight_loss,UBI,penalty,3,0,4,Everyone should receive Universal Basic Income.,Penalty shootouts are a bad way to determine the winners of football matches.,Using weight loss drugs like Ozempic is a bad way to lose weight.,-2,1,-2,1,1,1,1,2,-1,1,64,0,0,GB,GB,3,0,civil servant,2,-2,-2,-1,-1,1,-1
P0174,package1,package3,package1,weight_loss,UBI,penalty,2,1,2,Everyone should receive Universal Basic Income.,Penalty shootouts are a good way to determine the winners of football matches.,Using weight loss drugs like Ozempic is a bad way to lose weight.,2,2,-2,-2,1,-2,2,2,2,0,52,1,0,GB,GB,3,4,IT,4,-1,-1,2,0,0,0
P0092,package1,package3,package2,weight_loss,UBI,penalty,2,3,0,There should be no Universal Basic Income.,Penalty shootouts are a bad way to determine the winners of football matches.,Using weight loss drugs like Ozempic is a bad way to lose weight.,1,1,2,1,-2,-1,-2,-1,0,2,70,1,0,GB,GB,3,4,nurse,4,-2,0,-1,0,1,0
P0099,package1,package3,package3,UBI,penalty,weight_loss,0,2,0,Everyone should receive Universal Basic Income.,Penalty shootouts are a good way to determine the winners of football matches.,Using weight loss drugs like Ozempic is a good way to lose weight.,1,2,-2,-1,-1,-1,1,2,1,1,61,1,0,GB,GB,3,1,University lecturer,6,2,2,2,1,2,0
P0250,package2,package1,package1,weight_loss,UBI,penalty,0,0,1,There should be no Universal Basic Income.,Penalty shootouts are a bad way to determine the winners of football matches.,Using weight loss drugs like Ozempic is a bad way to lose weight.,1,1,0,1,2,0,-2,1,2,-1,33,0,0,GB,GB,3,3,technology (when employed),3,-2,0,0,-1,-1,-1
P0213,package2,package1,package2,UBI,penalty,weight_loss,2,0,3,Everyone should receive Universal Basic Income.,Penalty shootouts are a bad way to determine the winners of football matches.,Using weight loss drugs like Ozempic is a bad way to lose weight.,2,-2,-2,-2,2,-2,1,0,1,-1,28,0,0,GB,GB,3,4,Homemaker,3,2,-2,0,1,2,2
P0339,package2,package1,package3,penalty,weight_loss,UBI,2,4,3,There should be no Universal Basic Income.,Penalty shootouts are a good way to determine the winners of football matches.,Using weight loss drugs like Ozempic is a good way to lose weight.,-1,1,-1,-1,2,1,1,1,1,2,25,0,1,BD,GB,3,0,Ophthalmology ,5,1,-1,-2,0,2,1
P0162,package2,package2,package1,UBI,penalty,weight_loss,0,3,1,Everyone should receive Universal Basic Income.,Penalty shootouts are a good way to determine the winners of football matches.,Using weight loss drugs like Ozempic is a bad way to lose weight.,2,2,-1,1,-2,0,-2,1,0,1,57,0,0,GB,GB,3,2,Landlord,5,2,-1,0,1,0,1
P0229,package2,package2,package3,UBI,weight_loss,penalty,5,0,3,Everyone should receive Universal Basic Income.,Penalty shootouts are a good way to determine the winners of football matches.,Using weight loss drugs like Ozempic is a bad way to lose weight.,2,-1,1,-2,1,-2,1,1,2,1,47,0,0,GB,GB,3,2,AI trainer,5,1,1,0,-1,1,2
P0107,package2,package3,package1,weight_loss,UBI,penalty,1,5,1,There should be no Universal Basic Income.,Penalty shootouts are a good way to determine the winners of football matches.,Using weight loss drugs like Ozempic is a bad way to lose weight.,-1,1,-2,-1,-1,1,1,1,-1,1,66,1,0,GB,US,3,4,IT Management Consultant,5,-1,-1,2,0,1,1
P0399,package2,package3,package3,penalty,weight_loss,UBI,4,0,1,Everyone should receive Universal Basic Income.,Penalty shootouts are a good way to determine the winners of football matches.,Using weight loss drugs like Ozempic is a good way to lose weight.,1,-2,-2,0,-2,-2,0,2,-2,1,33,0,0,GB,GB,2,2,IT,4,0,1,-2,0,2,-1
P0126,package3,package1,package1,UBI,weight_loss,penalty,3,0,5,Everyone should receive Universal Basic Income.,Penalty shootouts are a bad way to determine the winners of football matches.,Using weight loss drugs like Ozempic is a bad way to lose weight.,-1,1,-1,0,-1,1,1,2,1,1,22,0,0,GB,GB,3,0,HR technology,4,1,-1,-1,0,2,1
P0133,package3,package1,package2,UBI,weight_loss,penalty,3,2,1,There should be no Universal Basic Income.,Penalty shootouts are a bad way to determine the winners of football matches.,Using weight loss drugs like Ozempic is a good way to lose weight.,1,1,-1,0,-1,1,-1,1,0,1,65,1,0,GB,GB,3,4,(retired) teacher,4,1,-1,1,0,2,1
P0153,package3,package1,package3,penalty,weight_loss,UBI,0,2,0,There should be no Universal Basic Income.,Penalty shootouts are a bad way to determine the winners of football matches.,Using weight loss drugs like Ozempic is a bad way to lose weight.,-1,-1,-2,2,1,1,-1,2,-1,1,63,1,0,GB,GB,3,0,Retail,4,2,1,-1,1,0,-1
P0398,package3,package2,package1,penalty,UBI,weight_loss,0,0,0,There should be no Universal Basic Income.,Penalty shootouts are a bad way to determine the winners of football matches.,Using weight loss drugs like Ozempic is a bad way to lose weight.,-1,1,-2,0,1,2,-1,1,0,-1,31,0,0,GB,GB,3,0,Housing ,2,-1,-1,-1,-2,-1,-1
P0274,package3,package2,package2,weight_loss,penalty,UBI,4,5,2,Everyone should receive Universal Basic Income.,Penalty shootouts are a good way to determine the winners of football matches.,Using weight loss drugs like Ozempic is a bad way to lose weight.,1,1,1,1,-2,-1,-2,1,-2,2,46,1,0,GB,GB,3,1,Engineering,4,2,-1,2,0,0,-1
P0288,package3,package2,package3,UBI,penalty,weight_loss,5,1,5,There should be no Universal Basic Income.,Penalty shootouts are a bad way to determine the winners of football matches.,Using weight loss drugs like Ozempic is a bad way to lose weight.,2,1,-1,1,2,-1,-1,2,2,-1,51,0,0,GB,GB,3,1,Chartered Accountant,4,0,-1,0,-1,2,-1
P0363,package3,package3,package2,UBI,weight_loss,penalty,1,1,2,Everyone should receive Universal Basic Income.,Penalty shootouts are a good way to determine the winners of football matches.,Using weight loss drugs like Ozempic is a bad way to lose weight.,1,1,-2,0,-1,0,-1,1,0,2,52,1,0,GB,GB,3,0,IT for finance department,5,2,2,1,1,2,1
P0362,package3,package3,package3,weight_loss,UBI,penalty,4,5,5,There should be no Universal Basic Income.,Penalty shootouts are a good way to determine the winners of football matches.,Using weight loss drugs like Ozempic is a bad way to lose weight.,2,2,0,1,0,1,-2,2,1,1,27,1,0,DE,GB,3,0,Finance,5,-1,2,1,-1,1,-1
P0327,package1,package1,package1,UBI,penalty,weight_loss,1,2,1,Everyone should receive Universal Basic Income.,Penalty shootouts are a good way to determine the winners of football matches.,Using weight loss drugs like Ozempic is a good way to lose weight.,-1,1,-1,1,2,1,-1,1,1,2,37,0,2,GB,GB,3,0,Finance,4,1,0,-1,-2,0,0
P0030,package1,package1,package2,UBI,weight_loss,penalty,3,3,4,There should be no Universal Basic Income.,Penalty shootouts are a bad way to determine the winners of football matches.,Using weight loss drugs like Ozempic is a bad way to lose weight.,1,2,-2,1,-2,1,-2,2,0,2,57,1,0,GB,GB,3,2,Online Seller and Freelancer,4,-1,-2,0,0,2,0
P0297,package1,package1,package3,weight_loss,penalty,UBI,4,5,5,There should be no Universal Basic Income.,Penalty shootouts are a good way to determine the winners of football matches.,Using weight loss drugs like Ozempic is a bad way to lose weight.,1,1,1,1,1,-2,-1,1,1,1,52,0,1,TW,GB,3,3,homemaker,5,-1,1,1,-1,0,-1
P0406,package1,package2,package1,weight_loss,UBI,penalty,3,1,3,There should be no Universal Basic Income.,Penalty shootouts are a good way to determine the winners of football matches.,Using weight loss drugs like Ozempic is a good way to lose weight.,1,1,-2,2,1,-1,-1,2,0,-1,47,1,0,GB,GB,3,0,Technical Lead in Healthcare (NHS),4,-1,2,1,0,2,0
P0404,package1,package2,package2,weight_loss,UBI,penalty,0,3,2,There should be no Universal Basic Income.,Penalty shootouts are a bad way to determine the winners of football matches.,Using weight loss drugs like Ozempic is a good way to lose weight.,-1,1,1,2,1,1,-2,0,-2,1,81,1,0,GB,GB,3,4,Teaching,5,-2,-1,1,0,1,-1
P0104,package1,package2,package3,UBI,weight_loss,penalty,0,2,1,There should be no Universal Basic Income.,Penalty shootouts are a bad way to determine the winners of football matches.,Using weight loss drugs like Ozempic is a good way to lose weight.,1,-1,-2,2,1,-1,0,2,-1,-1,32,1,1,GB,GB,3,0,Finance,4,0,-1,1,2,2,2
P0278,package1,package3,package1,UBI,weight_loss,penalty,4,0,4,Everyone should receive Universal Basic Income.,Penalty shootouts are a good way to determine the winners of football matches.,Using weight loss drugs like Ozempic is a good way to lose weight.,1,-2,-2,-1,-1,1,1,2,1,1,45,1,1,GB,GB,3,0,Software Developer,4,1,2,-1,0,2,0
P0054,package1,package3,package2,UBI,penalty,weight_loss,3,2,5,There should be no Universal Basic Income.,Penalty shootouts are a good way to determine the winners of football matches.,Using weight loss drugs like Ozempic is a good way to lose weight.,2,1,-1,-1,1,-2,-2,1,1,-1,68,0,0,GB,GB,3,1,Customer service representative,3,0,-1,-2,-2,2,2
P0374,package1,package3,package3,UBI,weight_loss,penalty,0,3,1,There should be no Universal Basic Income.,Penalty shootouts are a bad way to determine the winners of football matches.,Using weight loss drugs like Ozempic is a good way to lose weight.,1,-1,-2,-2,2,-1,2,2,1,-1,35,1,0,GB,GB,3,0,Security Systems,4,1,-1,2,0,2,2
P0428,package2,package1,package1,penalty,UBI,weight_loss,5,1,4,There should be no Universal Basic Income.,Penalty shootouts are a good way to determine the winners of football matches.,Using weight loss drugs like Ozempic is a good way to lose weight.,1,1,-1,1,-1,-1,-1,1,0,1,43,1,1,GB,GB,2,0,Administration,4,-1,1,1,0,2,0
P0060,package2,package1,package2,penalty,weight_loss,UBI,3,3,0,There should be no Universal Basic Income.,Penalty shootouts are a bad way to determine the winners of football matches.,Using weight loss drugs like Ozempic is a good way to lose weight.,2,1,2,1,-1,1,-1,2,1,1,47,1,1,GB,GB,3,0,IT,4,-1,1,-2,-1,2,0
P0062,package2,package1,package3,weight_loss,UBI,penalty,1,5,2,Everyone should receive Universal Basic Income.,Penalty shootouts are a good way to determine the winners of football matches.,Using weight loss drugs like Ozempic is a bad way to lose weight.,2,2,-2,1,-2,-2,-1,2,-1,2,56,1,0,GB,GB,3,2,Warehousing Management,4,-2,1,1,-2,2,2
P0066,package2,package2,package1,weight_loss,UBI,penalty,4,0,1,There should be no Universal Basic Income.,Penalty shootouts are a bad way to determine the winners of football matches.,Using weight loss drugs like Ozempic is a bad way to lose weight.,2,1,-1,-1,-2,-2,-1,2,1,2,57,1,0,GB,GB,3,0,it ,4,-2,-2,2,2,2,2
P0033,package2,package2,package2,UBI,weight_loss,penalty,2,3,2,There should be no Universal Basic Income.,Penalty shootouts are a bad way to determine the winners of football matches.,Using weight loss drugs like Ozempic is a good way to lose weight.,-1,1,-2,2,-1,1,-2,2,-2,2,57,0,2,GB,GB,3,0,administration,3,-1,0,-2,1,1,1
P0419,package2,package2,package3,weight_loss,UBI,penalty,5,2,3,There should be no Universal Basic Income.,Penalty shootouts are a bad way to determine the winners of football matches.,Using weight loss drugs like Ozempic is a good way to lose weight.,1,2,-2,2,-2,-1,0,2,-2,2,79,1,0,GB,GB,3,4,Education (Teacher),4,-2,-1,-2,0,2,0
P0417,package2,package3,package1,penalty,weight_loss,UBI,5,1,5,There should be no Universal Basic Income.,Penalty shootouts are a good way to determine the winners of football matches.,Using weight loss drugs like Ozempic is a good way to lose weight.,-1,1,-1,1,-2,1,-1,2,-1,2,58,1,0,GB,GB,3,0,arts,4,-2,0,-2,0,2,0
P0249,package2,package3,package2,weight_loss,UBI,penalty,1,5,1,There should be no Universal Basic Income.,Penalty shootouts are a good way to determine the winners of football matches.,Using weight loss drugs like Ozempic is a bad way to lose weight.,-1,1,-2,2,1,2,-2,2,1,-1,45,0,0,GB,GB,3,0,Local Government,3,-2,-2,-2,2,1,1
P0101,package2,package3,package3,weight_loss,UBI,penalty,2,2,1,There should be no Universal Basic Income.,Penalty shootouts are a bad way to determine the winners of football matches.,Using weight loss drugs like Ozempic is a bad way to lose weight.,1,0,-2,0,-2,1,-2,2,1,1,47,1,0,GB,GB,3,3,Unemployed,2,-2,-2,2,-1,1,1
P0233,package3,package1,package1,UBI,penalty,weight_loss,5,2,5,Everyone should receive Universal Basic Income.,Penalty shootouts are a bad way to determine the winners of football matches.,Using weight loss drugs like Ozempic is a good way to lose weight.,2,2,-1,2,-2,-2,1,2,1,2,66,0,0,GB,GB,3,4,sales assistant,3,-2,0,-1,0,1,0
P0155,package3,package1,package2,penalty,weight_loss,UBI,3,2,1,Everyone should receive Universal Basic Income.,Penalty shootouts are a good way to determine the winners of football matches.,Using weight loss drugs like Ozempic is a good way to lose weight.,0,-1,-2,1,1,1,1,2,-1,1,65,1,0,GB,GB,3,4,IT Manager,4,-1,-1,1,2,2,-1
P0317,package3,package1,package3,penalty,weight_loss,UBI,0,4,3,Everyone should receive Universal Basic Income.,Penalty shootouts are a good way to determine the winners of football matches.,Using weight loss drugs like Ozempic is a good way to lose weight.,1,-1,-2,1,-2,-1,1,2,-1,1,61,1,0,GB,GB,3,0,Project manager,4,1,1,-1,-1,-1,-1
P0032,package3,package2,package2,UBI,penalty,weight_loss,4,4,3,Everyone should receive Universal Basic Income.,Penalty shootouts are a good way to determine the winners of football matches.,Using weight loss drugs like Ozempic is a good way to lose weight.,1,1,-1,-1,-1,1,1,2,1,1,32,1,0,GB,GB,3,0,Environmental,4,2,-1,-2,0,2,-1
P0158,package3,package2,package3,penalty,weight_loss,UBI,5,5,4,Everyone should receive Universal Basic Income.,Penalty shootouts are a good way to determine the winners of football matches.,Using weight loss drugs like Ozempic is a bad way to lose weight.,-1,1,0,0,-2,1,1,2,0,0,40,0,0,GB,GB,3,3,Arts administration,5,2,2,1,2,2,2
P0102,package3,package3,package1,weight_loss,UBI,penalty,1,1,0,There should be no Universal Basic Income.,Penalty shootouts are a bad way to determine the winners of football matches.,Using weight loss drugs like Ozempic is a bad way to lose weight.,2,-2,-2,-2,2,-2,1,1,2,-2,57,1,2,GB,GB,3,0,Customer Services,4,-1,-1,2,0,2,0
P0383,package3,package3,package2,UBI,penalty,weight_loss,1,1,0,Everyone should receive Universal Basic Income.,Penalty shootouts are a good way to determine the winners of football matches.,Using weight loss drugs like Ozempic is a bad way to lose weight.,1,0,1,0,1,1,1,0,1,-1,31,1,3,CL,GB,2,2,customer service,3,-1,2,1,0,2,-1
P0173,package3,package3,package3,UBI,weight_loss,penalty,0,1,2,There should be no Universal Basic Income.,Penalty shootouts are a bad way to determine the winners of football matches.,Using weight loss drugs like Ozempic is a bad way to lose weight.,1,1,1,0,-2,1,1,1,1,1,21,0,1,GB,GB,1,0,estate agent,3,-2,0,1,-2,-1,0
P0357,package1,package1,package1,penalty,UBI,weight_loss,5,0,4,There should be no Universal Basic Income.,Penalty shootouts are a bad way to determine the winners of football matches.,Using weight loss drugs like Ozempic is a bad way to lose weight.,1,2,-2,2,1,1,-1,2,-2,1,84,1,0,GB,GB,3,4,management,5,-2,-2,-1,1,2,0
P0277,package1,package1,package2,weight_loss,penalty,UBI,2,2,1,Everyone should receive Universal Basic Income.,Penalty shootouts are a good way to determine the winners of football matches.,Using weight loss drugs like Ozempic is a bad way to lose weight.,1,0,-1,1,-1,-1,-1,2,0,1,55,0,0,GB,GB,3,2,consultant,4,1,1,0,1,2,0
P0118,package1,package2,package1,UBI,weight_loss,penalty,4,2,4,There should be no Universal Basic Income.,Penalty shootouts are a bad way to determine the winners of football matches.,Using weight loss drugs like Ozempic is a good way to lose weight.,1,2,1,-2,2,-1,2,2,1,1,64,0,0,GB,GB,3,4,Accountant,4,-2,0,-1,-1,1,0
P0047,package1,package2,package2,penalty,weight_loss,UBI,2,0,4,There should be no Universal Basic Income.,Penalty shootouts are a good way to determine the winners of football matches.,Using weight loss drugs like Ozempic is a good way to lose weight.,1,1,-1,1,-2,1,-1,2,1,2,22,0,0,GB,GB,3,1,Hospitality,5,-1,2,-1,1,2,2
P0182,package1,package2,package3,UBI,penalty,weight_loss,3,1,3,There should be no Universal Basic Income.,Penalty shootouts are a good way to determine the winners of football matches.,Using weight loss drugs like Ozempic is a bad way to lose weight.,-1,2,-2,1,-1,1,-2,2,-1,1,57,0,0,GB,GB,3,2,Sales,3,-1,-1,2,-2,0,-1
P0053,package1,package3,package1,UBI,penalty,weight_loss,1,5,1,Everyone should receive Universal Basic Income.,Penalty shootouts are a good way to determine the winners of football matches.,Using weight loss drugs like Ozempic is a good way to lose weight.,-1,2,-2,0,-2,0,-2,2,0,2,62,1,4,GB,GB,3,2,creative,4,2,0,-1,-1,-2,-1
P0307,package1,package3,package2,weight_loss,penalty,UBI,3,5,2,Everyone should receive Universal Basic Income.,Penalty shootouts are a bad way to determine the winners of football matches.,Using weight loss drugs like Ozempic is a good way to lose weight.,1,1,1,1,0,-2,0,1,1,1,72,1,0,GB,GB,3,4,retired,3,0,-2,-2,1,2,-2
P0291,package1,package3,package3,UBI,penalty,weight_loss,5,4,1,Everyone should receive Universal Basic Income.,Penalty shootouts are a bad way to determine the winners of football matches.,Using weight loss drugs like Ozempic is a good way to lose weight.,2,1,1,1,2,-1,1,1,-1,-1,66,0,0,GB,GB,3,4,Childminding,2,1,0,1,-2,-1,1
P0223,package2,package1,package1,UBI,penalty,weight_loss,0,4,5,Everyone should receive Universal Basic Income.,Penalty shootouts are a good way to determine the winners of football matches.,Using weight loss drugs like Ozempic is a good way to lose weight.,2,2,-2,1,0,1,-2,1,-1,2,29,1,2,GB,GB,3,0,Software Developer ,5,-2,2,0,2,2,0
P0036,package2,package1,package2,penalty,weight_loss,UBI,1,2,0,There should be no Universal Basic Income.,Penalty shootouts are a good way to determine the winners of football matches.,Using weight loss drugs like Ozempic is a good way to lose weight.,1,2,-1,1,0,0,0,-1,0,0,56,0,0,GB,GB,3,4,education,2,0,1,-1,0,0,1
P0340,package2,package1,package3,UBI,weight_loss,penalty,3,5,1,Everyone should receive Universal Basic Income.,Penalty shootouts are a bad way to determine the winners of football matches.,Using weight loss drugs like Ozempic is a bad way to lose weight.,1,-2,-2,1,0,-2,-2,2,-2,1,43,0,0,GB,GB,2,0,director in a manufacturing company,4,2,1,0,1,2,0
P0192,package2,package2,package1,weight_loss,UBI,penalty,0,0,4,There should be no Universal Basic Income.,Penalty shootouts are a good way to determine the winners of football matches.,Using weight loss drugs like Ozempic is a good way to lose weight.,1,1,-1,1,2,-2,-1,1,-1,-1,59,0,0,GB,GB,3,0,Business Operations,4,-1,1,-1,-2,1,-1
P0074,package2,package2,package2,UBI,penalty,weight_loss,0,1,3,Everyone should receive Universal Basic Income.,Penalty shootouts are a bad way to determine the winners of football matches.,Using weight loss drugs like Ozempic is a good way to lose weight.,2,-1,-1,0,-1,-2,-1,2,1,1,23,1,0,GB,GB,3,2,Gardener/freelance,2,0,0,-1,-1,-1,0
P0183,package2,package2,package3,weight_loss,UBI,penalty,5,1,2,There should be no Universal Basic Income.,Penalty shootouts are a good way to determine the winners of football matches.,Using weight loss drugs like Ozempic is a good way to lose weight.,1,2,-2,1,0,-1,-2,2,-2,0,57,1,0,GB,GB,3,0,Finance,4,-2,0,-1,-1,0,-1
P0305,package2,package3,package1,UBI,weight_loss,penalty,1,0,3,There should be no Universal Basic Income.,Penalty shootouts are a good way to determine the winners of football matches.,Using weight loss drugs like Ozempic is a good way to lose weight.,-1,-1,-2,1,1,1,-1,1,-1,0,56,0,0,GB,GB,3,1,retail,2,-1,1,1,-1,-1,0
P0064,package2,package3,package2,UBI,penalty,weight_loss,5,1,0,Everyone should receive Universal Basic Income.,Penalty shootouts are a bad way to determine the winners of football matches.,Using weight loss drugs like Ozempic is a good way to lose weight.,0,2,-2,1,-2,-1,0,0,0,0,51,1,1,GB,GB,1,0,education,4,0,0,0,-1,-1,-1
P0016,package2,package3,package3,weight_loss,UBI,penalty,4,1,1,Everyone should receive Universal Basic Income.,Penalty shootouts are a bad way to determine the winners of football matches.,Using weight loss drugs like Ozempic is a good way to lose weight.,-2,1,-1,-2,-1,2,1,1,1,1,45,0,0,GB,GB,3,0,government,5,2,0,-1,1,1,1
P0138,package3,package1,package2,penalty,weight_loss,UBI,4,3,5,Everyone should receive Universal Basic Income.,Penalty shootouts are a good way to determine the winners of football matches.,Using weight loss drugs like Ozempic is a bad way to lose weight.,0,1,-2,2,0,0,-2,2,-2,2,32,0,2,NG,GB,3,1,ADMINISTRATION,4,0,1,2,1,1,2
P0411,package3,package2,package1,UBI,weight_loss,penalty,4,4,1,There should be no Universal Basic Income.,Penalty shootouts are a bad way to determine the winners of football matches.,Using weight loss drugs like Ozempic is a good way to lose weight.,1,1,-1,-1,-1,-1,-1,1,1,1,60,0,0,GB,GB,3,2,Administration,2,-1,-1,0,0,0,0
P0034,package3,package2,package2,penalty,weight_loss,UBI,0,0,4,Everyone should receive Universal Basic Income.,Penalty shootouts are a bad way to determine the winners of football matches.,Using weight loss drugs like Ozempic is a good way to lose weight.,0,1,0,1,-2,-1,-2,1,0,2,66,0,0,GB,GB,3,4,Retired,3,2,0,-2,1,0,-1
P0148,package3,package2,package3,UBI,penalty,weight_loss,4,2,2,Everyone should receive Universal Basic Income.,Penalty shootouts are a bad way to determine the winners of football matches.,Using weight loss drugs like Ozempic is a bad way to lose weight.,-2,1,-1,1,-1,1,0,1,-1,1,42,0,1,GB,GB,3,0,Business support,4,-1,-1,0,0,0,-1
P0041,package3,package3,package1,UBI,penalty,weight_loss,1,5,2,There should be no Universal Basic Income.,Penalty shootouts are a bad way to determine the winners of football matches.,Using weight loss drugs like Ozempic is a bad way to lose weight.,1,1,0,1,0,1,0,1,0,1,25,1,0,GB,GB,3,0,Data analysis,4,-1,1,0,-1,1,1
P0279,package3,package3,package3,UBI,penalty,weight_loss,2,2,2,There should be no Universal Basic Income.,Penalty shootouts are a good way to determine the winners of football matches.,Using weight loss drugs like Ozempic is a bad way to lose weight.,1,2,-2,1,-1,-1,1,2,2,1,50,0,0,GB,GB,3,2,Business Assistant,4,-1,1,2,1,2,0
P0373,package1,package1,package1,UBI,penalty,weight_loss,5,4,3,There should be no Universal Basic Income.,Penalty shootouts are a good way to determine the winners of football matches.,Using weight loss drugs like Ozempic is a bad way to lose weight.,1,2,1,-1,0,1,1,1,0,1,23,1,1,GB,GB,1,0,NA,4,0,1,1,1,2,0
P0015,package1,package1,package3,UBI,penalty,weight_loss,4,2,1,Everyone should receive Universal Basic Income.,Penalty shootouts are a bad way to determine the winners of football matches.,Using weight loss drugs like Ozempic is a bad way to lose weight.,0,-1,-2,-1,-1,1,1,2,1,0,61,0,0,GB,GB,3,4,N/A,2,1,1,1,-1,-1,0
P0238,package1,package2,package1,penalty,weight_loss,UBI,2,4,1,Everyone should receive Universal Basic Income.,Penalty shootouts are a good way to determine the winners of football matches.,Using weight loss drugs like Ozempic is a bad way to lose weight.,2,2,-1,1,0,1,-2,1,-1,1,31,1,4,GB,GB,3,0,social care,4,1,2,1,0,2,0
P0271,package1,package2,package2,UBI,penalty,weight_loss,4,1,3,There should be no Universal Basic Income.,Penalty shootouts are a good way to determine the winners of football matches.,Using weight loss drugs like Ozempic is a bad way to lose weight.,0,-1,-1,-1,-1,0,0,2,1,1,29,0,0,GB,GB,3,0,IT Manager,4,-2,0,1,0,2,1
P0006,package1,package2,package3,weight_loss,UBI,penalty,2,1,1,There should be no Universal Basic Income.,Penalty shootouts are a bad way to determine the winners of football matches.,Using weight loss drugs like Ozempic is a bad way to lose weight.,1,1,0,1,0,2,1,2,1,2,47,1,0,GB,GB,3,0,Public sector,4,-2,1,2,2,0,2
P0009,package1,package3,package1,weight_loss,UBI,penalty,4,3,3,Everyone should receive Universal Basic Income.,Penalty shootouts are a bad way to determine the winners of football matches.,Using weight loss drugs like Ozempic is a good way to lose weight.,1,-1,1,0,1,-1,1,2,-1,-1,64,1,0,GB,GB,3,0,maintenance engineer,2,0,0,-1,-1,2,-1
P0335,package1,package3,package3,penalty,UBI,weight_loss,2,4,1,Everyone should receive Universal Basic Income.,Penalty shootouts are a good way to determine the winners of football matches.,Using weight loss drugs like Ozempic is a good way to lose weight.,1,2,1,0,1,1,1,1,-2,0,61,0,0,GB,GB,3,4,Former publisher,3,-1,1,-2,0,2,-1
P0257,package2,package1,package1,penalty,weight_loss,UBI,5,4,5,Everyone should receive Universal Basic Income.,Penalty shootouts are a good way to determine the winners of football matches.,Using weight loss drugs like Ozempic is a good way to lose weight.,1,1,-1,-2,1,0,-2,2,2,2,67,0,0,GB,GB,3,1,customer service,4,-2,1,0,-1,2,-1
P0108,package2,package1,package2,weight_loss,UBI,penalty,1,3,0,Everyone should receive Universal Basic Income.,Penalty shootouts are a bad way to determine the winners of football matches.,Using weight loss drugs like Ozempic is a good way to lose weight.,1,1,-1,-2,1,0,1,1,2,1,19,1,0,GB,GB,3,1,Eye Iris photography,3,1,1,2,2,2,1
P0221,package2,package1,package3,UBI,weight_loss,penalty,5,4,1,There should be no Universal Basic Income.,Penalty shootouts are a bad way to determine the winners of football matches.,Using weight loss drugs like Ozempic is a bad way to lose weight.,0,1,1,2,2,0,-1,-1,-1,-2,50,1,0,GB,GB,3,2,IT,4,-2,-2,-1,0,2,0
P0254,package2,package2,package1,weight_loss,penalty,UBI,4,0,3,Everyone should receive Universal Basic Income.,Penalty shootouts are a bad way to determine the winners of football matches.,Using weight loss drugs like Ozempic is a bad way to lose weight.,1,1,0,-1,1,-1,0,1,1,1,19,0,0,GB,GB,3,1,housekeeper,2,-1,-1,1,-1,0,0
P0020,package2,package2,package2,penalty,UBI,weight_loss,4,3,3,There should be no Universal Basic Income.,Penalty shootouts are a good way to determine the winners of football matches.,Using weight loss drugs like Ozempic is a bad way to lose weight.,1,0,-1,1,-2,-1,0,2,1,2,61,0,0,GB,GB,3,1,health,4,2,2,0,-1,1,-1
P0361,package2,package2,package3,weight_loss,UBI,penalty,3,4,1,Everyone should receive Universal Basic Income.,Penalty shootouts are a bad way to determine the winners of football matches.,Using weight loss drugs like Ozempic is a bad way to lose weight.,1,1,-1,1,-1,1,0,2,-1,2,21,1,4,GB,GB,3,3,currently looking for work,3,0,0,1,1,0,1
P0300,package2,package3,package1,UBI,penalty,weight_loss,0,5,4,There should be no Universal Basic Income.,Penalty shootouts are a good way to determine the winners of football matches.,Using weight loss drugs like Ozempic is a bad way to lose weight.,2,1,-1,2,-1,1,1,2,-1,0,23,0,0,GB,GB,1,3,Hospitality,5,-2,2,2,0,2,0
P0061,package2,package3,package2,penalty,weight_loss,UBI,2,2,1,There should be no Universal Basic Income.,Penalty shootouts are a bad way to determine the winners of football matches.,Using weight loss drugs like Ozempic is a good way to lose weight.,1,2,-2,1,-1,1,-1,2,-1,1,69,1,0,GB,GB,3,4,lawyer,4,1,1,2,2,2,2
P0259,package3,package1,package1,weight_loss,penalty,UBI,0,5,4,There should be no Universal Basic Income.,Penalty shootouts are a bad way to determine the winners of football matches.,Using weight loss drugs like Ozempic is a bad way to lose weight.,2,-1,-2,0,-1,-2,1,1,1,2,40,1,0,GB,GB,3,2,Editor,5,-1,1,0,1,1,1
P0304,package3,package1,package2,penalty,weight_loss,UBI,3,5,5,Everyone should receive Universal Basic Income.,Penalty shootouts are a bad way to determine the winners of football matches.,Using weight loss drugs like Ozempic is a good way to lose weight.,-1,1,-1,1,-2,1,1,1,1,0,33,0,0,GB,GB,3,0,IT Director ,4,2,2,1,1,0,0
P0084,package3,package1,package3,penalty,UBI,weight_loss,1,4,4,There should be no Universal Basic Income.,Penalty shootouts are a bad way to determine the winners of football matches.,Using weight loss drugs like Ozempic is a good way to lose weight.,-1,1,-2,1,-2,2,-1,1,-1,2,69,1,0,GB,GB,3,4,Safety ,4,-1,1,1,1,2,0
P0429,package3,package2,package1,penalty,UBI,weight_loss,4,3,3,There should be no Universal Basic Income.,Penalty shootouts are a good way to determine the winners of football matches.,Using weight loss drugs like Ozempic is a bad way to lose weight.,1,1,1,1,-1,0,-1,2,1,2,20,1,0,GB,GB,1,3,Accounting,3,2,2,-1,2,2,2
P0180,package3,package2,package2,UBI,weight_loss,penalty,3,3,1,There should be no Universal Basic Income.,Penalty shootouts are a good way to determine the winners of football matches.,Using weight loss drugs like Ozempic is a bad way to lose weight.,0,2,-1,1,-1,1,0,2,-1,1,20,1,0,GB,GB,1,1,retail,3,-1,1,1,1,2,1
P0198,package3,package2,package3,UBI,penalty,weight_loss,0,0,1,There should be no Universal Basic Income.,Penalty shootouts are a bad way to determine the winners of football matches.,Using weight loss drugs like Ozempic is a bad way to lose weight.,1,1,-1,0,-1,1,-1,2,1,2,23,1,0,GB,GB,3,0,finance,3,-2,1,-2,-1,2,-1
P0019,package3,package3,package1,UBI,weight_loss,penalty,1,2,4,Everyone should receive Universal Basic Income.,Penalty shootouts are a good way to determine the winners of football matches.,Using weight loss drugs like Ozempic is a good way to lose weight.,-1,2,-2,2,-2,2,-2,2,-2,2,32,0,0,GB,GB,3,0,entertainment,5,2,0,2,1,-1,2
P0037,package3,package3,package2,weight_loss,penalty,UBI,2,3,4,There should be no Universal Basic Income.,Penalty shootouts are a good way to determine the winners of football matches.,Using weight loss drugs like Ozempic is a good way to lose weight.,-1,-1,-2,1,-1,1,1,1,-1,2,37,1,0,GB,GB,3,0,Insurance,3,2,2,2,-1,2,0
P0385,package3,package3,package3,penalty,weight_loss,UBI,3,4,1,Everyone should receive Universal Basic Income.,Penalty shootouts are a bad way to determine the winners of football matches.,Using weight loss drugs like Ozempic is a good way to lose weight.,2,-2,1,0,0,-1,1,0,-1,2,27,1,0,GB,GB,3,2,Business owner,2,-1,-2,-2,2,2,0
P0424,package1,package1,package1,penalty,UBI,weight_loss,5,4,2,There should be no Universal Basic Income.,Penalty shootouts are a good way to determine the winners of football matches.,Using weight loss drugs like Ozempic is a bad way to lose weight.,0,2,-2,0,-2,2,0,2,2,2,59,0,0,MT,GB,3,2,Participant with Prolific.,3,-2,0,2,1,1,1
P0414,package1,package1,package2,UBI,weight_loss,penalty,3,1,0,There should be no Universal Basic Income.,Penalty shootouts are a good way to determine the winners of football matches.,Using weight loss drugs like Ozempic is a bad way to lose weight.,1,2,-2,-2,0,-1,-2,1,2,0,56,1,0,GB,GB,3,3,retail,2,-1,0,2,-1,2,1
P0154,package1,package1,package3,UBI,weight_loss,penalty,5,5,0,Everyone should receive Universal Basic Income.,Penalty shootouts are a bad way to determine the winners of football matches.,Using weight loss drugs like Ozempic is a good way to lose weight.,1,1,-2,2,2,-1,-2,2,-1,1,65,1,0,GB,GB,3,4,Chef,3,2,1,-1,0,2,0
P0069,package1,package2,package1,penalty,weight_loss,UBI,0,1,5,There should be no Universal Basic Income.,Penalty shootouts are a bad way to determine the winners of football matches.,Using weight loss drugs like Ozempic is a good way to lose weight.,-1,2,-2,2,-1,2,-2,2,-2,1,41,0,0,GB,GB,3,0,Hospitality,4,-1,-1,-1,-1,2,1
P0371,package1,package2,package2,UBI,weight_loss,penalty,4,2,5,Everyone should receive Universal Basic Income.,Penalty shootouts are a good way to determine the winners of football matches.,Using weight loss drugs like Ozempic is a good way to lose weight.,2,0,0,-1,1,-2,-1,1,2,2,25,0,0,GB,GB,3,0,administration,3,1,1,1,-2,-1,1
P0219,package1,package2,package3,weight_loss,penalty,UBI,3,3,1,Everyone should receive Universal Basic Income.,Penalty shootouts are a bad way to determine the winners of football matches.,Using weight loss drugs like Ozempic is a good way to lose weight.,-1,2,-1,2,-2,1,-1,0,1,2,55,0,0,GB,GB,3,2,marketing,3,2,2,1,2,1,1
P0161,package1,package3,package1,penalty,weight_loss,UBI,0,5,1,There should be no Universal Basic Income.,Penalty shootouts are a bad way to determine the winners of football matches.,Using weight loss drugs like Ozempic is a good way to lose weight.,1,1,1,2,1,1,-1,-1,-1,2,43,1,0,GB,GB,3,0,Web Developer,3,-2,1,-1,1,2,0
P0251,package1,package3,package2,weight_loss,UBI,penalty,0,2,5,There should be no Universal Basic Income.,Penalty shootouts are a bad way to determine the winners of football matches.,Using weight loss drugs like Ozempic is a good way to lose weight.,2,-1,-1,1,2,-1,1,0,1,2,28,1,0,GB,GB,3,2,Software Developer,3,-1,-1,2,0,2,1
P0319,package1,package3,package3,weight_loss,UBI,penalty,5,4,1,Everyone should receive Universal Basic Income.,Penalty shootouts are a bad way to determine the winners of football matches.,Using weight loss drugs like Ozempic is a bad way to lose weight.,1,2,-1,0,0,1,0,1,-1,0,22,0,2,NG,GB,3,1,nil,4,0,-1,1,-2,-2,-1
P0063,package2,package1,package1,penalty,UBI,weight_loss,4,1,5,There should be no Universal Basic Income.,Penalty shootouts are a good way to determine the winners of football matches.,Using weight loss drugs like Ozempic is a good way to lose weight.,1,2,1,1,2,-1,1,0,1,-1,57,0,0,GB,GB,3,4,Nurse,4,1,1,1,1,2,1
P0303,package2,package1,package2,penalty,UBI,weight_loss,1,1,0,Everyone should receive Universal Basic Income.,Penalty shootouts are a good way to determine the winners of football matches.,Using weight loss drugs like Ozempic is a bad way to lose weight.,1,2,-2,2,-1,0,-1,1,1,2,56,1,0,GB,GB,3,0,Energy Management,4,2,-1,1,1,1,0
P0240,package2,package1,package3,penalty,UBI,weight_loss,2,0,0,There should be no Universal Basic Income.,Penalty shootouts are a bad way to determine the winners of football matches.,Using weight loss drugs like Ozempic is a good way to lose weight.,2,-2,-2,1,-1,1,-1,1,1,1,27,1,0,GB,GB,3,3,Engineer,5,-2,-1,1,0,2,1
P0290,package2,package2,package1,weight_loss,penalty,UBI,3,1,4,There should be no Universal Basic Income.,Penalty shootouts are a bad way to determine the winners of football matches.,Using weight loss drugs like Ozempic is a bad way to lose weight.,-1,2,-2,2,-2,2,-2,2,-1,2,69,1,0,GB,GB,3,1,Production planner,2,2,2,2,1,2,1
P0384,package2,package2,package2,UBI,penalty,weight_loss,4,5,1,There should be no Universal Basic Income.,Penalty shootouts are a good way to determine the winners of football matches.,Using weight loss drugs like Ozempic is a bad way to lose weight.,-1,1,-1,1,-2,1,-1,2,-2,0,36,0,0,GB,GB,1,0,healthcare,4,-2,2,-1,0,2,1
P0377,package2,package2,package3,weight_loss,UBI,penalty,1,1,3,There should be no Universal Basic Income.,Penalty shootouts are a bad way to determine the winners of football matches.,Using weight loss drugs like Ozempic is a good way to lose weight.,1,1,-1,0,-2,-1,0,1,1,1,73,0,0,GB,GB,3,4,Education,4,2,0,-1,0,0,0
P0262,package2,package3,package1,UBI,weight_loss,penalty,3,4,1,Everyone should receive Universal Basic Income.,Penalty shootouts are a bad way to determine the winners of football matches.,Using weight loss drugs like Ozempic is a good way to lose weight.,1,0,-1,-1,-2,1,-2,1,1,2,74,0,0,GB,GB,3,0,Director,5,-1,0,-1,1,1,1
P0315,package2,package3,package2,UBI,penalty,weight_loss,4,0,5,There should be no Universal Basic Income.,Penalty shootouts are a bad way to determine the winners of football matches.,Using weight loss drugs like Ozempic is a good way to lose weight.,2,2,-2,0,0,-1,-1,2,1,1,57,0,0,GB,GB,3,0,Healthcare,4,-2,1,0,-1,0,-1
P0116,package2,package3,package3,UBI,penalty,weight_loss,2,5,0,Everyone should receive Universal Basic Income.,Penalty shootouts are a good way to determine the winners of football matches.,Using weight loss drugs like Ozempic is a good way to lose weight.,1,1,-2,1,-1,-1,0,2,-1,-1,60,0,0,GB,GB,3,4,Civil Servant (before retiring),3,1,2,1,-2,2,1
P0122,package3,package1,package1,UBI,weight_loss,penalty,5,2,1,Everyone should receive Universal Basic Income.,Penalty shootouts are a bad way to determine the winners of football matches.,Using weight loss drugs like Ozempic is a good way to lose weight.,1,1,1,1,1,1,1,1,0,1,23,1,0,FR,GB,3,1,Sales,5,-1,2,-1,1,2,1
P0191,package3,package1,package2,penalty,weight_loss,UBI,4,3,0,Everyone should receive Universal Basic Income.,Penalty shootouts are a bad way to determine the winners of football matches.,Using weight loss drugs like Ozempic is a bad way to lose weight.,2,1,-1,-1,0,-1,-1,2,0,0,55,1,0,GB,GB,3,0,Project Manager - retailer,4,-2,-1,-1,1,2,1
P0128,package3,package1,package3,UBI,weight_loss,penalty,3,0,3,There should be no Universal Basic Income.,Penalty shootouts are a bad way to determine the winners of football matches.,Using weight loss drugs like Ozempic is a good way to lose weight.,2,2,1,0,-1,-2,2,2,2,2,23,0,0,GB,GB,3,1,Oil and gas,3,-2,0,2,0,-1,2
P0336,package3,package2,package1,penalty,weight_loss,UBI,2,0,4,There should be no Universal Basic Income.,Penalty shootouts are a bad way to determine the winners of football matches.,Using weight loss drugs like Ozempic is a good way to lose weight.,2,0,-2,1,1,-1,-2,1,-2,-1,59,1,0,GB,GB,3,0,Engineering,3,1,-1,-2,0,2,0
P0356,package3,package2,package2,weight_loss,UBI,penalty,5,5,1,Everyone should receive Universal Basic Income.,Penalty shootouts are a bad way to determine the winners of football matches.,Using weight loss drugs like Ozempic is a good way to lose weight.,-1,1,-1,2,-2,2,-1,2,-2,2,63,1,0,GB,GB,3,0,Logistics Manager,4,2,-2,-2,0,2,-1
P0370,package3,package2,package3,UBI,weight_loss,penalty,0,2,3,Everyone should receive Universal Basic Income.,Penalty shootouts are a bad way to determine the winners of football matches.,Using weight loss drugs like Ozempic is a bad way to lose weight.,1,1,-2,-2,-2,1,1,1,1,1,35,0,0,GB,GB,3,0,Speech and Language Therapist,4,-1,1,1,-1,-1,-1
P0027,package3,package3,package1,UBI,weight_loss,penalty,1,4,4,Everyone should receive Universal Basic Income.,Penalty shootouts are a bad way to determine the winners of football matches.,Using weight loss drugs like Ozempic is a good way to lose weight.,-1,-1,-1,1,1,1,0,1,-2,0,21,0,1,GB,GB,1,3,student,3,-1,-1,-2,-1,1,2
P0265,package3,package3,package2,weight_loss,penalty,UBI,4,4,0,Everyone should receive Universal Basic Income.,Penalty shootouts are a bad way to determine the winners of football matches.,Using weight loss drugs like Ozempic is a bad way to lose weight.,-1,-2,-2,2,-2,1,1,2,-2,1,63,1,0,GB,GB,3,0,healthcare,2,2,-1,1,0,0,0
P0058,package3,package3,package3,penalty,UBI,weight_loss,5,2,4,Everyone should receive Universal Basic Income.,Penalty shootouts are a bad way to determine the winners of football matches.,Using weight loss drugs like Ozempic is a bad way to lose weight.,-1,2,-1,-1,-1,1,-1,2,1,-1,20,0,0,GB,GB,1,1,banking,4,-2,-1,2,1,-1,2
P0035,package1,package1,package2,UBI,weight_loss,penalty,2,0,5,Everyone should receive Universal Basic Income.,Penalty shootouts are a bad way to determine the winners of football matches.,Using weight loss drugs like Ozempic is a good way to lose weight.,-1,1,-1,0,-1,1,-1,1,-1,1,51,0,6,GB,GB,3,0,IT,4,0,-2,0,0,1,1
P0046,package1,package1,package3,penalty,UBI,weight_loss,5,5,3,There should be no Universal Basic Income.,Penalty shootouts are a bad way to determine the winners of football matches.,Using weight loss drugs like Ozempic is a good way to lose weight.,1,-2,-2,2,-2,1,2,2,-2,2,71,1,0,GB,GB,3,4,BUSINESS MANAGER,4,2,2,-2,2,2,2
P0045,package1,package2,package3,UBI,weight_loss,penalty,5,2,3,There should be no Universal Basic Income.,Penalty shootouts are a bad way to determine the winners of football matches.,Using weight loss drugs like Ozempic is a bad way to lose weight.,-2,2,-2,2,-2,2,-2,2,1,2,23,0,0,GB,GB,3,0,healthcare,5,-2,-1,1,0,2,2
P0388,package1,package3,package1,weight_loss,penalty,UBI,4,1,5,There should be no Universal Basic Income.,Penalty shootouts are a bad way to determine the winners of football matches.,Using weight loss drugs like Ozempic is a bad way to lose weight.,-1,1,-1,0,-2,1,0,1,0,2,60,1,0,GB,GB,3,2,Healthcare and animation,4,-2,1,1,2,1,1
P0301,package1,package3,package3,weight_loss,UBI,penalty,4,3,1,There should be no Universal Basic Income.,Penalty shootouts are a good way to determine the winners of football matches.,Using weight loss drugs like Ozempic is a good way to lose weight.,2,2,0,1,-2,0,-2,2,-1,1,22,1,0,GB,GB,3,3,N/A,3,-2,0,-1,1,1,0
P0267,package2,package1,package1,UBI,weight_loss,penalty,1,0,2,Everyone should receive Universal Basic Income.,Penalty shootouts are a good way to determine the winners of football matches.,Using weight loss drugs like Ozempic is a bad way to lose weight.,1,0,2,1,-1,1,0,1,2,1,19,0,0,GB,GB,1,1,hospitality ,3,2,0,1,0,-1,1
P0093,package2,package1,package2,UBI,penalty,weight_loss,2,4,5,There should be no Universal Basic Income.,Penalty shootouts are a bad way to determine the winners of football matches.,Using weight loss drugs like Ozempic is a good way to lose weight.,-2,1,-2,-1,-2,2,-2,2,-2,2,58,0,0,GB,GB,3,0,Manager,3,-2,-2,1,1,0,2
P0275,package2,package1,package3,weight_loss,UBI,penalty,4,0,1,Everyone should receive Universal Basic Income.,Penalty shootouts are a good way to determine the winners of football matches.,Using weight loss drugs like Ozempic is a good way to lose weight.,1,2,-2,2,1,1,-2,2,-2,1,68,0,1,IN,GB,3,4,N/A,2,2,1,-1,1,2,0
P0163,package2,package2,package1,weight_loss,UBI,penalty,4,5,3,There should be no Universal Basic Income.,Penalty shootouts are a good way to determine the winners of football matches.,Using weight loss drugs like Ozempic is a bad way to lose weight.,-2,0,-1,1,0,1,0,2,-1,1,40,0,6,DE,GB,3,0,Legal,5,0,2,0,-1,1,2
P0208,package2,package2,package2,penalty,weight_loss,UBI,3,0,3,Everyone should receive Universal Basic Income.,Penalty shootouts are a good way to determine the winners of football matches.,Using weight loss drugs like Ozempic is a good way to lose weight.,1,0,-2,1,0,-1,1,2,-1,0,38,1,0,GB,GB,3,0,Construction,3,-1,1,0,0,2,0
P0224,package2,package2,package3,weight_loss,UBI,penalty,4,4,4,Everyone should receive Universal Basic Income.,Penalty shootouts are a good way to determine the winners of football matches.,Using weight loss drugs like Ozempic is a good way to lose weight.,-1,1,1,-1,-1,2,1,1,-1,2,64,0,0,GB,GB,3,4,accountancy,4,0,0,0,0,0,1
P0131,package2,package3,package1,UBI,penalty,weight_loss,4,2,2,There should be no Universal Basic Income.,Penalty shootouts are a good way to determine the winners of football matches.,Using weight loss drugs like Ozempic is a bad way to lose weight.,1,1,0,-2,2,1,-1,2,2,-1,21,0,0,GB,GB,1,3,student in biology,3,-2,0,0,0,1,-1
P0211,package2,package3,package2,penalty,weight_loss,UBI,1,3,4,There should be no Universal Basic Income.,Penalty shootouts are a good way to determine the winners of football matches.,Using weight loss drugs like Ozempic is a bad way to lose weight.,2,1,-2,2,2,0,-1,2,1,1,68,1,0,GB,GB,3,1,Technology and information,4,1,2,-1,1,2,0
P0375,package2,package3,package3,penalty,UBI,weight_loss,4,3,0,There should be no Universal Basic Income.,Penalty shootouts are a bad way to determine the winners of football matches.,Using weight loss drugs like Ozempic is a good way to lose weight.,1,-1,-1,1,0,-1,-1,1,0,0,40,1,0,BG,GB,3,0,Material planner and buyer,5,2,-1,-2,1,1,1
P0076,package3,package1,package1,weight_loss,UBI,penalty,4,0,3,There should be no Universal Basic Income.,Penalty shootouts are a bad way to determine the winners of football matches.,Using weight loss drugs like Ozempic is a good way to lose weight.,2,1,-1,1,-2,-1,-1,1,2,1,21,0,0,GB,GB,2,0,Marketing ,4,2,0,1,-1,-1,1
P0321,package3,package1,package2,penalty,weight_loss,UBI,5,0,5,There should be no Universal Basic Income.,Penalty shootouts are a bad way to determine the winners of football matches.,Using weight loss drugs like Ozempic is a good way to lose weight.,1,1,-2,2,-2,1,-1,2,-2,2,53,0,2,GB,GB,3,2,Education,4,2,1,1,1,0,1
P0407,package3,package1,package3,penalty,UBI,weight_loss,2,3,1,Everyone should receive Universal Basic Income.,Penalty shootouts are a bad way to determine the winners of football matches.,Using weight loss drugs like Ozempic is a good way to lose weight.,2,-1,2,1,-1,0,2,2,2,2,23,1,2,DE,GB,3,1,Caterer,3,1,0,-2,-2,-2,0
P0220,package3,package2,package2,penalty,UBI,weight_loss,0,3,5,There should be no Universal Basic Income.,Penalty shootouts are a bad way to determine the winners of football matches.,Using weight loss drugs like Ozempic is a good way to lose weight.,1,1,0,-2,-2,-2,0,2,1,2,73,0,4,AT,GB,3,2,artist,4,-2,1,-2,2,2,2
P0393,package3,package2,package3,penalty,UBI,weight_loss,2,1,3,Everyone should receive Universal Basic Income.,Penalty shootouts are a good way to determine the winners of football matches.,Using weight loss drugs like Ozempic is a good way to lose weight.,1,1,1,1,1,-1,1,1,2,-1,22,1,0,GB,GB,2,0,finance,3,-1,-1,-1,0,2,1
P0022,package3,package3,package1,UBI,penalty,weight_loss,1,1,5,Everyone should receive Universal Basic Income.,Penalty shootouts are a good way to determine the winners of football matches.,Using weight loss drugs like Ozempic is a bad way to lose weight.,-2,2,-2,2,-2,2,-2,2,-2,2,61,0,0,GB,GB,2,1,education,5,2,2,-2,0,0,1
P0088,package3,package3,package2,UBI,weight_loss,penalty,2,3,0,Everyone should receive Universal Basic Income.,Penalty shootouts are a good way to determine the winners of football matches.,Using weight loss drugs like Ozempic is a good way to lose weight.,-1,1,-2,1,-1,1,-2,1,-1,2,70,0,0,GB,GB,3,4,education before retirement,3,0,-1,-1,1,1,1
P0232,package3,package3,package3,UBI,weight_loss,penalty,4,3,5,Everyone should receive Universal Basic Income.,Penalty shootouts are a good way to determine the winners of football matches.,Using weight loss drugs like Ozempic is a bad way to lose weight.,2,2,-1,2,1,-2,1,2,-2,-1,63,0,0,GB,GB,3,4,healthcare,4,-2,-2,2,-1,1,1
P0018,package1,package1,package1,penalty,weight_loss,UBI,2,1,5,Everyone should receive Universal Basic Income.,Penalty shootouts are a good way to determine the winners of football matches.,Using weight loss drugs like Ozempic is a good way to lose weight.,2,1,1,-2,1,-2,-1,1,2,-1,55,0,0,GB,GB,3,4,retired,5,2,0,1,0,-1,-1
P0159,package1,package1,package2,weight_loss,UBI,penalty,0,4,3,There should be no Universal Basic Income.,Penalty shootouts are a bad way to determine the winners of football matches.,Using weight loss drugs like Ozempic is a good way to lose weight.,1,2,-2,-1,-2,-1,0,2,1,0,30,0,4,PT,GB,3,1,Crew Member,3,-2,1,2,2,1,1
P0350,package1,package2,package1,penalty,weight_loss,UBI,0,0,0,There should be no Universal Basic Income.,Penalty shootouts are a bad way to determine the winners of football matches.,Using weight loss drugs like Ozempic is a good way to lose weight.,0,2,0,0,1,0,-1,1,0,1,55,1,1,LK,GB,3,4,Finance,3,-2,0,-1,1,2,-1
P0120,package1,package2,package2,penalty,weight_loss,UBI,4,5,0,Everyone should receive Universal Basic Income.,Penalty shootouts are a bad way to determine the winners of football matches.,Using weight loss drugs like Ozempic is a good way to lose weight.,-2,2,-2,2,-1,2,-2,2,-1,1,64,0,2,GB,GB,3,3,Customer Service,2,2,-1,-2,2,1,1
P0310,package1,package2,package3,penalty,UBI,weight_loss,0,4,5,There should be no Universal Basic Income.,Penalty shootouts are a bad way to determine the winners of football matches.,Using weight loss drugs like Ozempic is a good way to lose weight.,-2,1,-1,2,-2,1,-1,2,-2,2,52,1,4,GB,GB,3,2,IT,4,-2,-1,-1,2,1,0
P0368,package1,package3,package1,UBI,penalty,weight_loss,3,1,1,There should be no Universal Basic Income.,Penalty shootouts are a bad way to determine the winners of football matches.,Using weight loss drugs like Ozempic is a good way to lose weight.,-1,1,-2,2,1,1,0,0,-2,-1,20,1,0,HU,GB,1,1,Web Development,3,-1,-2,-2,0,2,-1
P0212,package1,package3,package2,UBI,weight_loss,penalty,5,5,2,Everyone should receive Universal Basic Income.,Penalty shootouts are a bad way to determine the winners of football matches.,Using weight loss drugs like Ozempic is a good way to lose weight.,-1,2,1,1,-1,2,1,1,1,2,49,0,0,GB,GB,3,1,Estate agency,4,-2,1,2,-1,0,2
P0261,package1,package3,package3,UBI,penalty,weight_loss,1,5,4,Everyone should receive Universal Basic Income.,Penalty shootouts are a good way to determine the winners of football matches.,Using weight loss drugs like Ozempic is a good way to lose weight.,0,-1,-1,-1,-2,-1,1,2,2,2,65,0,0,GB,GB,3,2,Media,6,0,1,-1,0,0,-1
P0296,package2,package1,package1,penalty,weight_loss,UBI,2,5,5,There should be no Universal Basic Income.,Penalty shootouts are a good way to determine the winners of football matches.,Using weight loss drugs like Ozempic is a good way to lose weight.,1,1,0,-2,0,1,1,0,1,2,44,1,0,GB,GB,3,3,IT,5,-1,1,1,1,0,1
P0160,package2,package1,package2,penalty,weight_loss,UBI,4,5,2,Everyone should receive Universal Basic Income.,Penalty shootouts are a bad way to determine the winners of football matches.,Using weight loss drugs like Ozempic is a bad way to lose weight.,-2,0,0,-1,-1,1,1,1,1,1,62,0,0,GB,GB,3,4,none,3,-2,0,2,1,0,1
P0343,package2,package1,package3,penalty,weight_loss,UBI,4,0,3,There should be no Universal Basic Income.,Penalty shootouts are a good way to determine the winners of football matches.,Using weight loss drugs like Ozempic is a good way to lose weight.,1,-1,1,0,-1,-1,1,1,0,2,35,1,1,HK,GB,3,0,Software Engineer,5,1,1,1,1,0,0
P0292,package2,package2,package1,weight_loss,penalty,UBI,3,0,2,There should be no Universal Basic Income.,Penalty shootouts are a bad way to determine the winners of football matches.,Using weight loss drugs like Ozempic is a good way to lose weight.,2,2,-2,2,-2,-1,-2,2,-2,2,63,0,1,CN,GB,3,1,Education,6,1,-1,-1,-2,-1,1
P0253,package2,package2,package2,penalty,UBI,weight_loss,4,1,0,There should be no Universal Basic Income.,Penalty shootouts are a bad way to determine the winners of football matches.,Using weight loss drugs like Ozempic is a good way to lose weight.,1,1,-1,1,-2,0,2,1,-2,2,59,1,0,GB,GB,3,0,quarrying,3,-2,2,2,-1,2,1
P0094,package2,package3,package1,UBI,weight_loss,penalty,1,2,3,Everyone should receive Universal Basic Income.,Penalty shootouts are a good way to determine the winners of football matches.,Using weight loss drugs like Ozempic is a good way to lose weight.,2,2,-2,0,1,2,-2,2,-1,2,21,1,0,GB,GB,3,0,IT Consultant,4,2,1,1,2,2,1
P0210,package2,package3,package2,weight_loss,penalty,UBI,1,1,0,There should be no Universal Basic Income.,Penalty shootouts are a bad way to determine the winners of football matches.,Using weight loss drugs like Ozempic is a good way to lose weight.,0,-2,-1,0,1,0,0,2,0,0,29,0,6,GB,GB,3,2,freelancer,4,0,-1,1,-1,-1,0
P0012,package3,package1,package1,penalty,UBI,weight_loss,4,3,3,There should be no Universal Basic Income.,Penalty shootouts are a good way to determine the winners of football matches.,Using weight loss drugs like Ozempic is a bad way to lose weight.,-1,-1,-1,-1,1,1,1,2,1,0,26,1,0,GB,GB,3,0,Communications,2,-2,1,-1,0,2,1
P0083,package3,package1,package2,weight_loss,penalty,UBI,1,0,1,Everyone should receive Universal Basic Income.,Penalty shootouts are a good way to determine the winners of football matches.,Using weight loss drugs like Ozempic is a bad way to lose weight.,-2,2,1,2,-2,2,-2,1,-2,0,52,0,3,GB,GB,3,4,Education ,5,2,1,1,1,0,1
P0341,package3,package1,package3,weight_loss,penalty,UBI,3,4,5,There should be no Universal Basic Income.,Penalty shootouts are a good way to determine the winners of football matches.,Using weight loss drugs like Ozempic is a bad way to lose weight.,1,2,1,-2,-2,1,-2,1,2,1,23,1,6,ZA,GB,3,0,Software developer,4,2,-2,0,-1,2,-1
P0011,package3,package2,package1,weight_loss,UBI,penalty,1,1,5,There should be no Universal Basic Income.,Penalty shootouts are a good way to determine the winners of football matches.,Using weight loss drugs like Ozempic is a good way to lose weight.,1,0,1,-1,0,-2,0,0,1,0,22,1,0,GB,GB,3,3,N/A,3,0,1,0,-1,2,0
P0141,package3,package2,package2,penalty,UBI,weight_loss,1,5,4,Everyone should receive Universal Basic Income.,Penalty shootouts are a good way to determine the winners of football matches.,Using weight loss drugs like Ozempic is a good way to lose weight.,1,-1,1,0,1,1,2,2,1,1,22,1,1,GB,GB,2,0,finance,4,-1,0,0,2,-2,-1
P0071,package3,package3,package1,UBI,weight_loss,penalty,1,2,1,There should be no Universal Basic Income.,Penalty shootouts are a bad way to determine the winners of football matches.,Using weight loss drugs like Ozempic is a good way to lose weight.,0,2,0,1,0,2,-1,1,0,2,18,0,5,NO,GB,1,1,Teacher ,4,2,0,0,1,1,1
